VideoID,cluster
2KMPO_X70aM.jpg,8
z4o7B7EqlyA.jpg,1
h5HvB2tun4Y.jpg,7
los0jDQ1JgQ.jpg,2
YZfG-QIjvt0.jpg,8
ChjJi3WLk4g.jpg,4
T5dMinwE5Dk.jpg,2
dywzVZSEC1o.jpg,7
BUbieeQkJhg.jpg,4
oEnVBNnNBYA.jpg,2
m0Ev68n4qZk.jpg,3
6C9s8-jVXqo.jpg,0
M8qo6HWcSTQ.jpg,0
Ipj_i8_V3LQ.jpg,1
NUqTE93xw7w.jpg,0
Dn2IQNvbbrs.jpg,0
9AYywOvLYb0.jpg,7
fhjrkzUSTf4.jpg,8
yxtTlPJ9STo.jpg,1
hSrg1_g5Abo.jpg,7
_GT_jJZhO-A.jpg,1
x53G1rAn4b4.jpg,8
YWzVVexJxkY.jpg,4
iNALxHVieYg.jpg,7
fVN0oIQd-P8.jpg,4
RVnVYl-vxfQ.jpg,4
3DeWMKDjlmE.jpg,1
Bg14LKTUfCg.jpg,4
TuLGJKti1RE.jpg,7
luRIER1mGNM.jpg,3
FZUy0NrBuIw.jpg,7
CWGPc88lYFg.jpg,4
X3w2ezboqPg.jpg,7
38JwqKI3dsw.jpg,2
mERBc57aqTU.jpg,1
uKySDFpH-xU.jpg,4
Iz82xzqimBo.jpg,0
mYua7XLdkHY.jpg,1
x7-NWS85q7w.jpg,7
eAiHPIo1BN8.jpg,3
Gov6lYBEPBg.jpg,0
3Cda8dnTx2E.jpg,0
k4w_63-AP0s.jpg,8
h74m7nB1GO4.jpg,8
ySAKr4iPUDU.jpg,0
cbk9khFNf8g.jpg,8
Q0br4Ujitu0.jpg,1
33Q14vlsZqo.jpg,8
fL56kvqw9K4.jpg,1
O6w63JKzcnI.jpg,8
5fOTfDE1zG4.jpg,7
pGEfE1qkY2E.jpg,3
TPmCMiY6qWs.jpg,8
NrQnfWDQHCk.jpg,8
RnwhIxzL8p8.jpg,1
lxCfT44UssE.jpg,3
gCqIByfAlyY.jpg,3
HX6BFryw5sw.jpg,0
pe4dwAGhOcU.jpg,8
-GE8hSBKfRo.jpg,8
wD9lqcEvhgw.jpg,7
PfQt-5yf_fA.jpg,0
sggwtsSkVSw.jpg,8
koifioklSvM.jpg,3
YliHyU4vqfw.jpg,5
laJP2x0foJE.jpg,7
fihPcrzVnCY.jpg,8
wVTlSmOpMkM.jpg,8
i6iGPDiH3AA.jpg,8
ON4hjfzb_5s.jpg,3
iR6h2b8PFKY.jpg,4
Ygp_1WjGneU.jpg,4
WCMZwBu9y7M.jpg,7
rm4o8naNWgw.jpg,4
chrmFfxAkGo.jpg,1
a-syc1wfO8o.jpg,4
jJo9bBWithA.jpg,0
RDREmiYYJiY.jpg,0
Wtv3kgAAw5Q.jpg,0
NQcdVjnybD0.jpg,8
tKfpTf3MqE4.jpg,4
anowH9Urdog.jpg,8
DVVdQSiJX6g.jpg,4
1bhGyLyfxww.jpg,1
X5ksGwjLlnM.jpg,1
E2pF2yqxQo4.jpg,6
_usRIH-5sew.jpg,4
M0cMYrofJtY.jpg,8
VIc9ZEfCp1s.jpg,0
nDG6AXKLQgU.jpg,8
RXo1P47Lrf8.jpg,1
cXvsI51yuH8.jpg,4
6k3tbPQbh10.jpg,7
Mp-yqdfa3K8.jpg,0
ClPKuIYDIqc.jpg,4
CD4lt_OQdbI.jpg,1
ToA3YTdKSaA.jpg,7
ZkeHGYCybAs.jpg,1
G8gvUb0arjw.jpg,3
b7HQU_--Qdw.jpg,4
wCHZ07t1APo.jpg,4
FdjQjE6bD_E.jpg,7
uO3hlDiOBpQ.jpg,8
mv6aVF8mvpE.jpg,1
mRiX5jv40LA.jpg,6
uVOLM-GcZsQ.jpg,0
flWyIQJ13_Y.jpg,1
Jl_tJCXHBxw.jpg,7
1T6MRWydVog.jpg,2
gDZezDDUHj8.jpg,7
7k-AQ4TzMbs.jpg,1
WhwHEV7FFXI.jpg,0
8HWSQ6sU7ZE.jpg,4
6-tKvWBvTE0.jpg,8
jiQqFANdx3U.jpg,4
uj0IhpcVqw8.jpg,3
sdbzRnccNBs.jpg,8
AGfWGmCt46k.jpg,4
lw0W4iSHbaw.jpg,7
PM6vFN-SFpU.jpg,7
9ZwpBolj4aQ.jpg,7
rNlDsVJo3fA.jpg,1
hTYcLbujo8g.jpg,8
qlQ9rH_KE_k.jpg,7
dL-kRfPUzD0.jpg,4
bfR18Mqqbxk.jpg,7
ZMZkexcpGZY.jpg,7
uwtnFTWs4zk.jpg,4
rlESwGOENqI.jpg,7
7L7ll4tqVNg.jpg,4
Wn9k4zVCTLk.jpg,0
bW1YWWKV5eQ.jpg,4
Yd-i3_zIn-A.jpg,6
YJoGaT8BBQM.jpg,0
hofDwVkJfT0.jpg,0
s4vIf9XfRwc.jpg,7
er8z451F18Q.jpg,6
eDvP80AVwRA.jpg,4
OOM8GTFxnYY.jpg,8
0wmL2otfcdU.jpg,8
LU1_eh94nnQ.jpg,4
tqupdUH-I4E.jpg,0
S7mhPkbk_rQ.jpg,7
MttG7NB1ilk.jpg,0
Nl0CNnXWyTI.jpg,0
HmxnQt1Rzu8.jpg,8
QG61j-coCgM.jpg,0
QL99HHNpNDI.jpg,8
kWzLkfP_zhk.jpg,8
btvzEH6aPU0.jpg,0
21Njjpa0gMk.jpg,7
t4rXCgu0l3o.jpg,0
VBOqEM5q54A.jpg,4
waYJhHWj3iA.jpg,2
3bkS2hVJZM0.jpg,8
WeRckF-RPZk.jpg,4
R75vtXPM_f8.jpg,7
UVGScOmFxSM.jpg,7
8pPfRksmgUI.jpg,4
6ZlLneOKPao.jpg,8
dgF7jNzyhnU.jpg,4
xlbmE0IqTdE.jpg,3
HOSBltLGm0Q.jpg,0
Bji8OWzEmoE.jpg,0
9oR1N3q9WPQ.jpg,3
hJnugH7PWko.jpg,0
toLrmEYv8ZI.jpg,1
ywXL-ufvWWg.jpg,1
__Pyj4s_HHw.jpg,7
mdBsUB-eJtg.jpg,7
QL4ZsoeEyI0.jpg,7
8Y5kPjK9ARQ.jpg,8
kxWnZj9Ke2U.jpg,1
Yn1qT8VHuAc.jpg,4
VhNezZtj_Fg.jpg,7
1pMy5cebiRU.jpg,4
RCsRIVCaz_M.jpg,0
wfyKchK1-oY.jpg,8
DC9GCvRruUw.jpg,7
HAHhUCkPcX4.jpg,4
YSwpuGIcbMs.jpg,0
jEkPH8IdduY.jpg,8
7NdbqsiwFKw.jpg,8
KIO4qyxS9qI.jpg,4
pwv65BMFGl4.jpg,1
6_c4PuSVRYw.jpg,7
fT4-aIX9wp8.jpg,1
lAMO3loSfQs.jpg,5
WlMMfVd9h4E.jpg,4
JQKkic9od7s.jpg,0
NuAe8Ph9BOw.jpg,0
ZYmUCuYMf-M.jpg,7
V4krGxLWD8Y.jpg,2
dXC36IT3Htk.jpg,7
4xY1Lhe-8u4.jpg,8
nC_DuwBzcVg.jpg,8
xwMP8bc-TBg.jpg,1
aF8UI2_VBsw.jpg,2
7Wp-L1pvGSM.jpg,3
iOwbUK5Udrk.jpg,3
tHEt-bMm2cY.jpg,4
PUGPBhtMTNk.jpg,3
WaeA8BOBGjw.jpg,4
-E2Qm5MhU8w.jpg,0
DAtMH4R6oQM.jpg,7
CIo7dMaIoiY.jpg,8
QZsgajZrRXA.jpg,8
pXRxMVDFCHI.jpg,6
Sm8zLkZCNZs.jpg,8
Uu1hPwQfzOs.jpg,0
KetxIcAF_0k.jpg,1
z4Bi1AWycs8.jpg,0
qR1WV3uIRbQ.jpg,1
k8GcaxVzpHQ.jpg,8
3riCqyVSv-w.jpg,0
vZv4qCr2MFc.jpg,7
SpK-gm555Cw.jpg,0
T4mg9UTnJIE.jpg,7
CFRBZBhDtGg.jpg,8
YMMaPzMN0Uk.jpg,4
PvA4IHQh4wI.jpg,0
zDwuJgLNJbc.jpg,0
rLHHU_BIN78.jpg,1
iEoZ5KitYDg.jpg,0
tIS9n3karyg.jpg,3
Eie4aiXCVQc.jpg,7
1gydKIIPXxk.jpg,8
V7LUjofUagk.jpg,8
Rp8Xz9S8hOg.jpg,0
_8gxqr9eiuU.jpg,6
SGIx491dpJw.jpg,1
gMRzl3lmZVg.jpg,4
p6ISQkqce6E.jpg,5
eOHzAYNyUAQ.jpg,8
a-W4Daf7_-s.jpg,4
eIDN1VwRziI.jpg,1
jj2v1O6bKBU.jpg,0
JDWzfaVdyz8.jpg,4
o2gEYFrngw8.jpg,6
GAiD7atwvvY.jpg,0
ge3CErSC1G0.jpg,4
wNyRfE6DvuU.jpg,6
k4hEEJep_cc.jpg,0
83jKeR_W4fY.jpg,0
_xuMLlPPhtc.jpg,4
zXQr9ppMzSQ.jpg,2
ifbHas8TkG8.jpg,8
4bIPofZpTxQ.jpg,8
NTAnGrxuP0g.jpg,1
BOlcMowlEvY.jpg,4
1IysclcSEjc.jpg,4
v7wNyFdeF18.jpg,1
0nWyGsI1vWw.jpg,8
ajd26wym_Qk.jpg,8
CmlXldfVwh8.jpg,7
F3j5tS_qNyM.jpg,1
PTJ1oIKd-5g.jpg,0
dx4HPiqc2yg.jpg,1
7fFlTkr3oO4.jpg,1
2gfLYdwQ404.jpg,8
opGw2wulDpw.jpg,8
QGLLDOJsccM.jpg,8
tRlQG1zEH6k.jpg,0
UcNJdOkzMbk.jpg,7
LnmpHtilFG4.jpg,0
xcMDE0JzegE.jpg,8
vVa2h051lNE.jpg,7
F8ymja-HGvk.jpg,0
3WYZLzTIvWU.jpg,8
WSd_ndZ4-D4.jpg,4
k1fpYXqUNcU.jpg,8
_QsLHWkIR3k.jpg,0
AnXO5ycu_9Y.jpg,4
Js7aIhIuS1A.jpg,4
xKOsZCpCVm4.jpg,0
qU03wrxbed4.jpg,1
UADrEZACfUU.jpg,1
af2QAb1-_Yk.jpg,0
CNRdK2MXW2Y.jpg,8
ak0UCdbxxwM.jpg,7
77a3CJtqZgs.jpg,1
JR0jhnzM5VU.jpg,4
BIarUjm4U-0.jpg,4
f0_HJ7CQOXY.jpg,1
h5ykol0ShrA.jpg,2
IPqImzA_FZ0.jpg,4
MPPdRfsGDfg.jpg,4
WGIGMmv4agU.jpg,7
V9LgfkmAhBI.jpg,4
0t6q8slqq6A.jpg,1
nk5Dclo0Pbg.jpg,3
hDtISQa0alo.jpg,8
G_Q0Jjov0lw.jpg,3
8R-n7sdVt14.jpg,8
qpNNq6QFmuM.jpg,7
yAbZvCSAYsU.jpg,7
ozu82n8mHFM.jpg,7
2_kq4ZGkhqE.jpg,0
Pl5BzYCVwIA.jpg,1
V78rkoOJstk.jpg,0
hWCnB8IedVY.jpg,8
MYHOPNHCwyE.jpg,1
M80_Zojj-1c.jpg,0
f00V9MQBhg8.jpg,3
FjoXOLX5U14.jpg,7
6MbZlIOM2aY.jpg,4
F8s6yzC67Gw.jpg,7
q4y4mrNA43A.jpg,1
8b-XmxFurWA.jpg,7
4j46tCuU4vM.jpg,7
UZ-fQDr0O8I.jpg,3
XiQyrt2wRi4.jpg,7
ha0qrg_P_j4.jpg,1
2CihXRqTstA.jpg,5
kad73yuqYgk.jpg,4
ChIfk49mTYQ.jpg,3
f_YMgrAJUbs.jpg,0
2tBJ0vkDgrU.jpg,7
WemRXmR0sYM.jpg,3
3d8oFucVz4g.jpg,7
SSA0JCtT27c.jpg,6
DYIi34XeXDw.jpg,0
4Ekd1OGwPyE.jpg,8
UocgmBAJ2sM.jpg,8
DjyX2TzZVBs.jpg,0
DPJWngcP0pE.jpg,0
kJ6B1zVKCXc.jpg,4
PyzONo5RcTg.jpg,1
U5ncjwIO0bQ.jpg,4
3rl9Acc_Bp8.jpg,4
MGQieW-HRww.jpg,4
SWfO3TwpzjU.jpg,8
HHhmO7jtuWU.jpg,8
uM1CE_3P3tE.jpg,4
D728n5siT2g.jpg,8
Rzt5PIo9jDk.jpg,4
zFRZV9ncDr8.jpg,1
f41DhVpiv-g.jpg,4
sv6fOCghaqE.jpg,1
q8m9NsnhOis.jpg,8
yAqGMfTYWZQ.jpg,4
yTG6XvLKpD0.jpg,1
hk6kaIYwBAA.jpg,0
_oTrD1-p1Tw.jpg,2
cb4-sltl1-I.jpg,6
TaedpHFzjt0.jpg,1
Uq5FRudopJU.jpg,4
52tXvPZB5Q0.jpg,4
zv_XCSIlf0I.jpg,8
Bm0ONlju0JA.jpg,4
IKTEQo1Pzwk.jpg,6
nycYmrpJcbY.jpg,4
6yl-rsVJhb8.jpg,3
rMvhi8Afun0.jpg,8
2xfh3dHDGKE.jpg,7
Y7G36yJ_Gxc.jpg,7
seJDnmDAAtw.jpg,8
tifIFfqM7lg.jpg,7
HbUbZlLye-4.jpg,0
ATSDoVfhoBI.jpg,0
2PsANj44N6M.jpg,1
q2_9iNLb_Bs.jpg,0
NF5KbSs8-c8.jpg,1
CGUCzt05VNk.jpg,0
d0zi0QHXCiI.jpg,8
j6xODJIDMlk.jpg,4
xyZ-52bxzn8.jpg,8
5a3TmWMLu5Y.jpg,0
7rEnUDFMHbs.jpg,7
VXjrCIcGZmw.jpg,1
WnIUPlRMIiQ.jpg,1
xaWBf6Y_OIk.jpg,2
Q1NBbFUfqIY.jpg,1
qU9Qi6FZTP4.jpg,0
1igfL2tMxcc.jpg,2
cHq14kFJLXU.jpg,7
qA4NGYZQ-mU.jpg,1
2xwN3UTPtw4.jpg,3
AFOR2qVjR1A.jpg,6
r5_rGPunG-w.jpg,7
iztDMaiIENY.jpg,0
sCVrLhHwLBk.jpg,7
V3K1fBAlNg8.jpg,8
fct-dsDjtoE.jpg,6
-sCaX_y8--A.jpg,4
2Kmmzg65nTY.jpg,0
ObW42yq5Lls.jpg,4
_I3AFgW2bOY.jpg,8
bfYMA4ItDPs.jpg,4
NWB3vzadxiE.jpg,7
Tiqm49VqjkI.jpg,5
GqDnZ8sjulk.jpg,1
9ec9bVsnpiw.jpg,4
5VEyq5xGaL4.jpg,7
hHW7jcALdko.jpg,0
IiXAxFQaF8w.jpg,7
KrPTd2WTJlo.jpg,8
TxH11V_I7jk.jpg,1
QVp3nt5oZk0.jpg,0
0_xtMsHcq7Q.jpg,8
7ZcoBFeiuA8.jpg,4
7Ebi_4WghzE.jpg,4
1IT2hKxh_Nc.jpg,1
UeqAoyaBx64.jpg,8
LJVZTzmf-Yk.jpg,7
qUR4IaFhZXI.jpg,8
UbWN31wO718.jpg,7
zyzWB5E1LDI.jpg,4
wO27AUykhWo.jpg,3
7aLmPpGdCfY.jpg,8
S30lHmk3-vU.jpg,7
HahnDhTApBk.jpg,8
cuGPn1yNiA4.jpg,7
pbx6Z7QToRI.jpg,8
aRhLGffqjgk.jpg,0
QXjupn6Fg3U.jpg,0
BFndAL9KPc0.jpg,2
XpWElF2qrHE.jpg,6
GfOtpM1aOoY.jpg,2
dE-s2PlKB38.jpg,1
DBySQYEbyDU.jpg,8
5Nd1GcdW7Uw.jpg,4
veC0kZvoPp8.jpg,8
TjbV-owwzzk.jpg,8
ClHHKkRwwW8.jpg,0
M64O_-b6I5k.jpg,0
TiyxdTPnL9o.jpg,7
Y6apvh7lXBg.jpg,8
ENfsbFs0p-A.jpg,1
RG6GorR4BNA.jpg,0
HTg90NxwzAA.jpg,0
foqOuB6-ods.jpg,4
_eeqXw2u67c.jpg,4
C3WooRrzdBY.jpg,1
JbRTXTHPPSk.jpg,2
uTopUYlPhOE.jpg,4
zybhU7wl2GI.jpg,4
tZ3932RarRI.jpg,7
ngPSGmNw8bk.jpg,8
MPunUmKEyHw.jpg,8
texpdt06WN0.jpg,1
yp5FYBptIQc.jpg,1
Vo1MZ8qqzQo.jpg,8
l3vRXBLFj5A.jpg,7
UthFkV6N9Gc.jpg,4
izC3PpKfnhc.jpg,0
XjJbLXBPf84.jpg,0
86gs985X5tU.jpg,0
LL1OSB5ao-w.jpg,4
ka-STLHgGpo.jpg,7
VN-iZGcyKNU.jpg,1
JsEPnwjmMpU.jpg,8
w2yE02L6-mY.jpg,3
Uke_7qrqEEs.jpg,7
dADxYaNDATs.jpg,7
FNShpic_21I.jpg,6
qfoE9mzi6uY.jpg,8
6My0PpizQ-I.jpg,1
igh6iitJaYo.jpg,8
-bLoqjH-KLY.jpg,7
ZifKDJiM0zI.jpg,7
TaLJWqZex2M.jpg,8
2dD8ZEnj2Dg.jpg,3
B04zftVikas.jpg,4
kjM9jQYqbrM.jpg,0
_3NWiD2kWS4.jpg,8
0MdmKnVutTI.jpg,7
TrTHtmjfysM.jpg,7
-83rdiEyMMY.jpg,7
oLgQCcW8MwE.jpg,7
MovIpxxyOlo.jpg,4
kgG1oJiE5qs.jpg,0
KYQIwUXhDRQ.jpg,4
4XvO4D1c7yM.jpg,7
ku0ENCQQvyI.jpg,8
6wAzxEtZHSg.jpg,0
XsWKvutlu8I.jpg,7
ssyQiKLIHhY.jpg,8
Cw2ZCaaesII.jpg,0
ODzuORF2fIc.jpg,7
T04sQN64TYQ.jpg,1
F7-huPqK6No.jpg,7
FeV_PvkfUsE.jpg,0
Jr3t3AUC8H4.jpg,8
2kk1AjUTMKI.jpg,8
8vf1wrbar_0.jpg,4
XWq19I-NsF8.jpg,7
cQyoDpQuDpI.jpg,8
DbcVUnvsgvs.jpg,7
tsS0dTzC4iI.jpg,7
WMLzY6XbmPo.jpg,4
cnuVi-SUuBI.jpg,8
h6VxPLM9a8E.jpg,1
Z3laA-VUXyY.jpg,0
4MxQ8RsauA8.jpg,8
WUT7aBdmKBk.jpg,4
KHYVLlfrlhQ.jpg,0
UDHIw4v-BEg.jpg,8
wmEaIdXFlBc.jpg,8
UKcRYiALpvs.jpg,0
MQwoxnNUF2Y.jpg,1
aW7yOQMKRFM.jpg,8
Zh633jqXCTc.jpg,3
SW2Hg2NVBWM.jpg,8
zgJRP1hUMSQ.jpg,8
ybzXCvjmLcM.jpg,0
BWccDzoF8ks.jpg,4
_U9dMowsscM.jpg,4
UtL2Py7_TaY.jpg,8
MCsFFe0E0T8.jpg,0
Mg58cqXP4q4.jpg,1
iCQ7Uc7OpMA.jpg,8
pcsOh2bbI4g.jpg,1
MY0uhQPcRi8.jpg,7
LQgt-sV1NY0.jpg,8
00RVLaKUzcI.jpg,2
pMROnDzH2-M.jpg,7
o9tF8Rd1i-8.jpg,7
HU7emQc9hd8.jpg,7
muaccpoLJ1k.jpg,7
H34sOwyicCA.jpg,7
PikP35Mtbjc.jpg,1
Hu4uufoly0A.jpg,4
uzrtfr0eVCw.jpg,1
TX_gQjHCzqQ.jpg,0
l8FgrLYgvJU.jpg,7
bi4_y2cOATA.jpg,6
a9-1fVA7U_8.jpg,0
WFDr--cisA0.jpg,4
3U_mYt1ob60.jpg,1
CHdTSslLRrQ.jpg,6
mlG8qLNmUrQ.jpg,7
8oORslFS5oE.jpg,3
fjvkr71S6TU.jpg,0
KGeSR8cC4rY.jpg,0
8pEocfz8c5k.jpg,8
xmgPcMsJBnw.jpg,8
BvBewjMD0vE.jpg,1
yDlT6kO1M8Q.jpg,1
3wYuHAWwHMk.jpg,8
Gin0c8COhSs.jpg,0
-3rGtR_J1rQ.jpg,1
M6wnZCYU-GU.jpg,0
chxpQV3_NtU.jpg,8
8okXNtmPNiw.jpg,0
Y80nUYFZCoE.jpg,0
0qkP7fdD4sk.jpg,4
LGzGi59KvAk.jpg,8
tavAZ2raoaE.jpg,0
g1iVT1dZbNQ.jpg,8
4DfzRRkiPX4.jpg,8
ZPnloVwAzn0.jpg,0
QkTCmFm22zE.jpg,4
UCAxDSsYTV8.jpg,7
A6rCGP9NrOo.jpg,8
N23RE2S0MFY.jpg,8
oqQwMDptEYA.jpg,3
1li1KZjdoJ4.jpg,2
cAF4L2XVXWI.jpg,8
MsnU_rv9cwg.jpg,8
jiT0MP2torM.jpg,7
rncJ2Qpv9Lw.jpg,7
PUvjCZz7h6U.jpg,3
Q94-FOJgEP8.jpg,7
7UvubdV9CIk.jpg,0
SqVa0vkJ8Rw.jpg,8
jpoYjOLsqag.jpg,1
ra_15OTf8uQ.jpg,0
qYBWuoXxWPw.jpg,4
SgqiutNqx-M.jpg,0
lk1gjDUnzT8.jpg,8
yOw0sYXvbIc.jpg,1
Ar0VgO2R6EM.jpg,1
XCL_Ji0SNgc.jpg,1
jeZXYc2wIJw.jpg,7
BMEWBjlmmEo.jpg,0
PjOJ_SZJRjQ.jpg,8
UHttHqrNXJ8.jpg,8
ZmwbFlbbDNc.jpg,8
ASS4HIq4zyM.jpg,8
M2-t1yPt_Kk.jpg,4
SU0ySG8UNsE.jpg,0
7B3W6Tq54MU.jpg,8
xBv2FaiYja4.jpg,8
wc8MYxeiKso.jpg,0
GHOvkngfvM4.jpg,7
hJSge12li-E.jpg,5
6dY2ipl7DMk.jpg,3
yiH8RG1R0m8.jpg,2
ESsG2ilidCI.jpg,7
v7zw8jgoPSQ.jpg,4
L5xQrb794aE.jpg,1
6sWZMeb2v4Y.jpg,8
ohgI0njOVqY.jpg,0
FSogD7bAHF8.jpg,8
Jp7L7w9P38Y.jpg,3
CHCTHOi4ggk.jpg,7
JiYHKKDfYpc.jpg,1
ucAxMbBZlyg.jpg,8
c9m7UKSzmGE.jpg,3
Xfx7OFoGS6Q.jpg,7
UjcEMdzQjyA.jpg,0
H4_rp8w7mfs.jpg,7
jravO2fkiOk.jpg,7
YsyFvM4KgIk.jpg,6
CuwdMHCVd3U.jpg,7
u9q7V5E6uHA.jpg,0
KMX5nfxMvg0.jpg,7
FLra5yupzGc.jpg,8
dyfbpV1gxCk.jpg,6
c7tJwSd6O8Y.jpg,1
i-2A58808Hw.jpg,4
e_MkTkoS4sM.jpg,0
q58k4WE_1bg.jpg,0
Z3-WGR0S9Xw.jpg,7
eRSIdNqheV4.jpg,8
zihLj9qF2xo.jpg,7
1ID4xsdGV_Y.jpg,3
-hZbzxAx9iA.jpg,7
oa_vRrJKn0I.jpg,3
fUI2YiE993g.jpg,8
8KaKs_c9ji8.jpg,7
wC6KOciADP0.jpg,4
0v2WtXVOa_w.jpg,6
f-RqI_1OvL8.jpg,6
mVrLf63yGsg.jpg,0
Aaa36c2FuOk.jpg,4
U6OZm0gtHVU.jpg,8
r4Akdo6k05c.jpg,0
n2QQE2QgGt4.jpg,4
qhWeTnkS05U.jpg,8
6tg2h-Vc9ho.jpg,8
QJwsphG86dE.jpg,8
Nk3M8nfWaPY.jpg,1
8Sw9WZeWzdU.jpg,8
4tNSlxqrcLU.jpg,4
JWtWmLE5Ns4.jpg,2
TqFKKHQfdCc.jpg,1
N0rYRoGE4HE.jpg,8
qXzV2JrXZe0.jpg,3
MfL51n5uSgU.jpg,0
sTN5HmiDQFI.jpg,2
A_x6b3rsPKA.jpg,1
o1YIuxuEggs.jpg,1
s8_emLfEyQU.jpg,3
qwBC2HH5jWY.jpg,8
1mqRfhKeQHI.jpg,4
1UTvNeM21OU.jpg,8
0KU2pyinDYc.jpg,0
pRSzcSXG4Tc.jpg,1
_k_OowfbiRI.jpg,3
b-PqWeW82p0.jpg,4
7lrZgWyWBIw.jpg,5
KTWnt6XxGvU.jpg,7
XAQDVyP3Roc.jpg,1
FwpUjlMJ47Y.jpg,4
kfVaG74e1Sk.jpg,6
qbI0zXt89II.jpg,1
Y9EeZYXev2I.jpg,8
1BNP-4VTDo8.jpg,0
k1ZKMHbV9Ik.jpg,0
ihMWflAISbg.jpg,8
B6w57nHXjSU.jpg,0
2fMz5rTbxSc.jpg,0
foWS1bvk5Xg.jpg,8
10AgA-pblVE.jpg,1
z9K8LE9lgqA.jpg,2
QnFaYc9NaME.jpg,3
kdhFonY_U9M.jpg,4
8cdEag3cD6M.jpg,8
8iV0Gnw2IYQ.jpg,0
g-wCvd3vTMo.jpg,8
OWfSu7lgAzw.jpg,1
FFH8n2NmPR8.jpg,4
qF86PuxmFK0.jpg,0
Xvrlv_SBckQ.jpg,8
Sw2CCWma7D4.jpg,4
q8H1QnaVpzo.jpg,0
T0vIpA-ieRg.jpg,7
gRFtu9QtutM.jpg,8
ijX7huzRkUI.jpg,8
hsIYutFSE_M.jpg,4
L2SGI50Dl5A.jpg,7
YD0Sg84L4Xw.jpg,7
TrleH-yF9Fs.jpg,7
pfqNfj-MZIA.jpg,2
MUuNxCftgAo.jpg,4
wr2oj2TYoEY.jpg,8
W6KsUlgANow.jpg,1
Wo9KxrLmlgo.jpg,8
loOtFXi1g64.jpg,0
JUNBPg6Dxc4.jpg,4
sqvrpyy21EA.jpg,4
tznyBZQadGM.jpg,8
RW1doSgeI34.jpg,1
Ezn90OendIo.jpg,1
frEqH_Kx4qc.jpg,7
RarcK7NBz_s.jpg,8
5AwKIt6CUE0.jpg,8
PBuWH--B1cQ.jpg,8
pgCTIIiwkTk.jpg,0
xJPpnm5Jjcc.jpg,0
T8CZB7QQ-wU.jpg,3
BbsXiiJMrBM.jpg,2
LmBtqFkvIn0.jpg,4
hOl2ERhgGxY.jpg,0
KfVCXZ1BZuo.jpg,4
MZyhNjekbJ0.jpg,1
H8rbj6ROmHs.jpg,7
4rbQMsxQ5Eo.jpg,4
95frnzvILcw.jpg,3
-pAw3q_jRNo.jpg,4
YzaFRUelDYI.jpg,6
UMX1U34ISaU.jpg,8
LjlXy3sfKo4.jpg,1
y7pyRinq4nw.jpg,7
ybLZ1Ga_mnA.jpg,0
7U-9cAw11zc.jpg,0
Ie7sec_jpBA.jpg,3
qDDY_WZY3j0.jpg,4
XGfORvu1FgU.jpg,2
iAgf9aWOhFM.jpg,0
VdHyQ_3MY4Q.jpg,3
g9djczZWgIE.jpg,0
Z5chRBbwkM8.jpg,1
QN28oWiohFs.jpg,4
DhHY8EVKL2s.jpg,8
g2_na1p0d8s.jpg,0
V_jBRswt1f8.jpg,0
Pwe3pjbOVas.jpg,8
Ena3q5yMaUs.jpg,2
yKSjWuPvhuc.jpg,3
GpeuqIER7t8.jpg,7
egn6Yw4ZVLQ.jpg,0
ONAyHnzPTS0.jpg,4
Oa4w9bqbP9w.jpg,6
IDgCTvkPjx8.jpg,1
fCjTmzbvo-8.jpg,4
fzOBYZMa3Ak.jpg,1
1w_XPOGRbe4.jpg,1
xR_ofAFkHhI.jpg,8
umwO-zu8Q7Y.jpg,4
OzqhoC6UaxA.jpg,3
UrXeU489jX4.jpg,1
XndcHIJfRiI.jpg,4
IO7c-dqWtQc.jpg,0
GwzXcFbGNwg.jpg,4
eohXqL9Vju8.jpg,1
VKuOAN7Mwsw.jpg,8
PJY02BbC-e0.jpg,4
RGD9UP0qKdc.jpg,7
j1HoZD__u-A.jpg,2
71ACko7Xae4.jpg,4
j6exvKT_RkM.jpg,2
Vjz_KPjnf4w.jpg,3
G_OqY7smE8w.jpg,0
qXNflJxity0.jpg,4
d1Ac7qQsFMI.jpg,1
saMh6aFwmTI.jpg,6
W1b9ALf4ZFU.jpg,1
TRlJ6mDhRgY.jpg,0
5StlXqODnXY.jpg,8
ks84pus_Xvk.jpg,3
iYQ6rh7JAvQ.jpg,7
lJK6Lyogc9I.jpg,8
N90og8QI4IQ.jpg,1
U3ghKOjSiaY.jpg,8
GZOHqqMYu_w.jpg,3
Q2qWvIiJ6sI.jpg,7
EAq64uK8GW4.jpg,3
C__iyWJkjgc.jpg,7
OuRNl9VnRBw.jpg,0
Oyodf_xMuwI.jpg,4
blwOrmE3zic.jpg,4
msX296Nd61s.jpg,0
uYd5w3GQU9k.jpg,0
68hOr5JFfPo.jpg,4
1_aemBShH1w.jpg,8
LcMzxK4wipo.jpg,7
n-878p2rLmA.jpg,0
olLuNXeNXnk.jpg,7
uAVMPxMCM1w.jpg,0
DuAWwfRoxog.jpg,7
COsIm4yM4W4.jpg,8
NxC8eKOhqjw.jpg,8
HUXcB4GeJYM.jpg,7
_-UFwswCAmY.jpg,3
pdS9hDBrzqE.jpg,8
tfCv7UADiwg.jpg,1
vGQSmDUpjJo.jpg,3
65HwtDJwZxA.jpg,1
XCTITuBwsu8.jpg,8
CjrzjJ76mys.jpg,4
Ih1t2rUnkco.jpg,8
gu8mynNX5Tc.jpg,3
YmemLL-_G24.jpg,1
_VCHjrtw7bA.jpg,4
-XCc67Ijcz8.jpg,1
NsQchT8A_5Y.jpg,4
i95Km-H6KZY.jpg,4
UZkxfvmT41s.jpg,3
9n8e0KXDYgc.jpg,3
HcvgU-dx7wE.jpg,7
DqKAtJZHhlM.jpg,1
ZKbuufnITN0.jpg,8
YIgx0ZXFovs.jpg,0
lZXDClzL8m8.jpg,8
WRhCPVU3rOE.jpg,0
uNakczuDKCc.jpg,7
zNTS7iS9OnI.jpg,0
GcyADOk6riM.jpg,3
zp9wrbAZEKI.jpg,3
dgHCn8EbW1I.jpg,8
lpO1wXhWsQA.jpg,1
NSKCIY7TmSA.jpg,7
mtZpN3jm2bo.jpg,8
7YOOMGt4nDo.jpg,6
-Y9nx4uedxY.jpg,8
tRIhAx4qSAU.jpg,4
IekYcdU3Pl8.jpg,4
8XKd-l4lZZc.jpg,1
7om4gIQdO-o.jpg,7
JaQ3U9a_O_8.jpg,8
5BUKv9n3SrE.jpg,8
unoKqoBGW8w.jpg,8
Cf3Xnr120c0.jpg,7
Fa49uACjB34.jpg,8
sAS-TVWWtTY.jpg,7
kqYw9hDk4fA.jpg,8
uyYCalhTS6s.jpg,4
ue-VLup-y2M.jpg,0
BFzpPPalcRM.jpg,0
hv2bg6Luih8.jpg,1
jLO5XH_rCdQ.jpg,6
7M6B3zqjc6s.jpg,7
NY7WkZi_KJw.jpg,3
5n1cd_H0cPM.jpg,4
ZazEtpjFri8.jpg,1
cPdIKW1T2do.jpg,8
cGI0mOOrFfA.jpg,8
Ktt6qBKLDl4.jpg,0
hFUzhd-R6GQ.jpg,0
J0MajMHaJ8I.jpg,0
s7f_ra4nj4M.jpg,8
FrBA14llVLs.jpg,1
hxdx7lSG0q0.jpg,1
GoQW90Rt06Y.jpg,4
qFH08StIUrU.jpg,4
749yjbn751o.jpg,7
OhUslvK6utY.jpg,0
LGz6KqlbXGg.jpg,4
qZepgxbipg8.jpg,5
XftmB-v3-Ag.jpg,1
Q7ugYdD2Pb0.jpg,1
VuHg5GW3vVA.jpg,8
CSWCto8e2Ho.jpg,0
6VkDeJuCnuo.jpg,4
-L4QaGucxdE.jpg,7
s2jwkouiaRM.jpg,0
kKYg4yxZBno.jpg,7
VQxTkuiOixM.jpg,0
xK4ROlVq92Q.jpg,4
g32U-igZ8Zg.jpg,7
SFvO4qGbhUw.jpg,1
2cYibcf4GH8.jpg,4
7isroVJXFRs.jpg,7
1DzsWfHYT-s.jpg,4
mfWyWHZoPRg.jpg,0
h59_szYy7i8.jpg,2
6JZejj3aQPo.jpg,6
dXNR0p8KJwI.jpg,5
ZY-me6ZLWbo.jpg,3
Zd4JZn8GkVY.jpg,4
tekSW6ekR1o.jpg,2
1J_qscMZfd8.jpg,8
LaBK5S-Xt8c.jpg,0
kMv7Ep3FcZk.jpg,7
GtBth3A_C9A.jpg,8
unTM04ne7wk.jpg,1
GdPYH2LGYU8.jpg,7
XQN16mLRZD8.jpg,1
azAs6xPIOeA.jpg,4
vOKHh3QY9HU.jpg,0
gnSYFkizVXk.jpg,7
KWkeBaFM25M.jpg,0
K7fff-RzVAs.jpg,4
mtyULaM6RfQ.jpg,8
hjdUxIhF0n8.jpg,7
yaY61KAbZEo.jpg,0
LWGnOW8aAg4.jpg,3
KPuSGay7OyI.jpg,1
MB31pMAxATI.jpg,4
4Jv38UQoLs0.jpg,4
nrNVsAnmhqg.jpg,8
U8M3gShQxc0.jpg,0
pUWstObXs80.jpg,7
IDnLLHw-5nc.jpg,8
7XTfubpo5Yo.jpg,1
iX_C-EA0sDM.jpg,3
Q1RVdu_RLmQ.jpg,3
V1csi2tIthc.jpg,4
OVbozNgGPxY.jpg,0
qRuXXRsEafM.jpg,1
Jg6HvCdYcdU.jpg,4
MvMLNTrBZ5A.jpg,0
9dUxng6C7HI.jpg,1
qwjxK-urNvo.jpg,0
YIvp6oI5rc8.jpg,4
KZ2BO_en19A.jpg,4
EDKKOgerD1w.jpg,0
5LvyL89tVRY.jpg,4
wqLPiCAVgMs.jpg,7
zwVb-FhZAY4.jpg,8
uc7gHNhLmz8.jpg,8
SxBfMviGMw0.jpg,7
-K9-pGT52pE.jpg,3
YSNrVvWLEnk.jpg,4
Fo_nS9wrcXM.jpg,8
1aZblNH361o.jpg,0
_y9m3t-SzLk.jpg,4
j799LRuKk2U.jpg,7
kvbxSHTW7-A.jpg,5
4nZdJHjv5As.jpg,1
2_QwPKiMS-M.jpg,4
9TB6G0Q3LDU.jpg,7
qRkg1ROd_Hg.jpg,4
lqRhbxZqPus.jpg,0
yPbAhjrYed4.jpg,4
o4DUTUSYMX0.jpg,8
mRnaCEF277o.jpg,0
NLq4Ng3O7zw.jpg,8
1WX3Fx5hBvY.jpg,0
BRtPteLyfAw.jpg,8
GDLlPN-_4U4.jpg,7
6PuitXuzrE0.jpg,0
ZJCBnHZ0YJI.jpg,8
M-qroZTvpDk.jpg,8
X2QL0Re8oiE.jpg,1
eA8lP_ey2us.jpg,2
G_4kOyEUek8.jpg,8
jNHmcg_IT90.jpg,8
sl0GWG5yny0.jpg,1
-d0IuFXS8Ws.jpg,1
0CcaNf_2SlM.jpg,7
cu0OFwSeCjw.jpg,8
irj36bPIx8c.jpg,8
h1GCmRbm-YY.jpg,8
68z0w5sU5b8.jpg,8
-kFeoZh_x28.jpg,7
DthnhH46u40.jpg,8
PMJCp5ldSys.jpg,8
KDQvsM7tFs4.jpg,0
ALnW-6PzjaI.jpg,4
gKTg9ox28yI.jpg,8
sdsz-t540WI.jpg,8
3pYncauIZ04.jpg,8
Z8tRM0TaiaY.jpg,7
zIO5dwV9Bdc.jpg,1
QITO_1JsW1c.jpg,7
csBlhSP3F0E.jpg,4
ifF9nRfJyfM.jpg,0
QoOj_NZJ1ic.jpg,7
EB1OQagmK10.jpg,6
_cPaMPXT7as.jpg,0
UaeIPx7tB0s.jpg,0
sphIIsNA2EY.jpg,8
k6SFj_30puc.jpg,8
GK8bMHuVeuc.jpg,0
kMmWSCJq7pM.jpg,7
a1Nm_2uXvhI.jpg,7
StmYDJkxCyM.jpg,7
IxcaA1vnYCM.jpg,4
sWhcVM43pvY.jpg,7
fV6JBvz8bLs.jpg,7
4g5sZ3w9qvY.jpg,0
A3agoGmyAHw.jpg,1
RAKUaSAA0pE.jpg,0
wg5RVvcUPjE.jpg,3
Ng7YzMg1ZRA.jpg,3
qFfUk8JNIIM.jpg,0
CZJDYpn-htg.jpg,0
rajEe7yYiqA.jpg,8
TBnBWF5qhSk.jpg,2
97_4I4a02Kc.jpg,7
-DNUgid1yik.jpg,2
25Q25Q2anFk.jpg,8
OtOqnwZOGBw.jpg,8
TRU2d2TM0MU.jpg,1
iiT5AP7KVSY.jpg,4
DYNkeAIXPY4.jpg,8
wU8Gk44P5VU.jpg,5
qlNGoInG2b0.jpg,7
8O_xQqnhio0.jpg,1
PpbUVAS4pVs.jpg,6
6eFZSokAIP8.jpg,7
KBm-GReZAqI.jpg,7
7f_WRx6SEEE.jpg,4
j2sQZ-Yf34I.jpg,7
oRvmrG65WQI.jpg,4
Y5YMvDrYEIo.jpg,7
7E3ohfJI-Tg.jpg,7
fmC54-UOh8w.jpg,1
MNcMDSvNo_I.jpg,8
kqDxAhCCzMk.jpg,2
B1l6AHEEri0.jpg,8
EV0Rpj0eQvs.jpg,1
f3oT8GFrlCI.jpg,6
wZwehhsV9Yc.jpg,8
arlIzyIIj2U.jpg,4
aUF-RQiHT38.jpg,5
wHUXmjlB1lo.jpg,0
AlSrber5YNM.jpg,4
fEw4R072E80.jpg,0
3YhCQ4JLphk.jpg,8
PbXAKCHDV_w.jpg,1
PHbxrOIvfUw.jpg,4
SA78g3hgw_A.jpg,8
tmFihXRqcOo.jpg,8
-uihp4i1xNk.jpg,7
CZ7-YVIFrBs.jpg,7
f3GEYcezSCw.jpg,1
iLpj6qUqHyM.jpg,7
QKTGbpxUjno.jpg,0
-q2IoOR3pz4.jpg,2
gmdYAbvm32Y.jpg,7
yRHPNDYgEwU.jpg,7
i85qlXOTMYk.jpg,1
wdxTaDThhKs.jpg,4
xZRoYIQP_oE.jpg,0
eoRwejZc3K8.jpg,8
77uNrf-x5t8.jpg,4
IIdwZofDi64.jpg,7
8sHWSK1jxoo.jpg,0
KvI3OEkYL4A.jpg,8
xM7yAoGHhnQ.jpg,7
n3FUnmerw8U.jpg,1
nF9nuPDpw_0.jpg,8
8L0WHBuAMOo.jpg,4
EHxUzMhXrqM.jpg,8
cBvI22502o8.jpg,0
sKFn4g-g098.jpg,0
WWisysg9zek.jpg,0
VWcnjguKMeY.jpg,4
vqxETnhMOWA.jpg,8
lOEkybM1OVI.jpg,2
z1YP2nzEP1Q.jpg,7
RXrKUTh81oU.jpg,1
39s28fwxQfM.jpg,1
-FBmCITGFD4.jpg,8
7Y0qCUndU6U.jpg,8
evD5wEOafNg.jpg,4
kCxt924FTlk.jpg,4
NOJJaHOV7dQ.jpg,8
tsDc4XhDPRI.jpg,8
NrdeLytproA.jpg,8
5lJUVvBzl1s.jpg,7
pCpGYiXBENo.jpg,1
pUsLUhiUR_k.jpg,2
w8iNeuU2oG0.jpg,8
Pfo6mik9xok.jpg,0
3AIDXxMRmVs.jpg,0
EiwYfk5QF2o.jpg,7
aKzp4x31O0I.jpg,7
EUhQ4e-4rQA.jpg,4
-sLNP_kZwL4.jpg,4
Rp5fXhcEYhw.jpg,3
Zsm4UpFvDXY.jpg,1
qR7ZVUp3lec.jpg,8
IgACpf7PL2s.jpg,8
oyB55GkNZjg.jpg,8
hubOhenglHM.jpg,0
YCaalK7NeC4.jpg,1
ztlFwYoNfyM.jpg,8
T9cWlka72sM.jpg,8
o1if5vwC_GQ.jpg,0
7yMj3FymG8k.jpg,7
e9iXwzlTbfo.jpg,6
_de3ttj2ai4.jpg,7
3GC5p9QF-AM.jpg,0
TujLaBe2jYI.jpg,0
t0KLuAWv7do.jpg,7
GNKc9zY_xIc.jpg,3
Au_lwwhYCso.jpg,8
1WS4BiqyZCU.jpg,0
RBQern5gpqI.jpg,7
poppJvTvTyc.jpg,0
jBhzBCoyJEc.jpg,8
_Ph7bqLWgpE.jpg,4
s75l6DVI6WA.jpg,7
cYWfsTwTHN8.jpg,1
bVraM0NAEa4.jpg,7
-uGZw7dEo0M.jpg,1
fCmDShwW_xo.jpg,4
SxaJXThoQfI.jpg,3
Q7teS12VJfg.jpg,0
5c_878zeqJI.jpg,8
rv2eumxeflo.jpg,7
3E7o3l_k01w.jpg,7
0tx11G-3Avo.jpg,1
uVMdj3ajzgI.jpg,3
AF-b-NaeJgE.jpg,4
upb2cm3eLIA.jpg,3
V8fAfWx5qAw.jpg,7
9SJDXgUpuEY.jpg,8
DBTDf1kaquM.jpg,1
cC4s_uF98aI.jpg,4
vL2_cS0zAVU.jpg,1
HlQCejHo2lg.jpg,4
u4GsXRzTqf8.jpg,7
zJgCoiQE-yo.jpg,8
khNjjnnoVqo.jpg,1
dpLIXO9A6F4.jpg,4
cpM7ICkPZD0.jpg,7
nTIF0fO87Ys.jpg,1
wz90fu3QViI.jpg,0
1jkzBIyaNIM.jpg,8
X8n3RZ9pjYo.jpg,1
6tQg-ZNmZxU.jpg,7
nhnmj-On7XQ.jpg,8
G8eoFJEYIjA.jpg,1
Faj9EhkgBIY.jpg,4
5PFIPHS_4vk.jpg,8
_rY3HDjc4pg.jpg,2
0zLioQ87SI8.jpg,0
pULjdQPKlt0.jpg,4
-qh_ENBmkk0.jpg,4
XJ7CE0s2d90.jpg,4
W6ZlExI1Yrw.jpg,8
G1LanThBS9Y.jpg,1
djhF__0EWrY.jpg,3
ip4GCBsb77g.jpg,8
HF3jAxH1WIg.jpg,8
2NXYIfHnKS0.jpg,0
XX8bltC9TvQ.jpg,8
UcgojreNpGY.jpg,4
N_XcWpa1UPM.jpg,4
-HmG-L3piEE.jpg,3
yLZ8QTToQgo.jpg,0
78nzrhpRg1g.jpg,0
BqmsdI98W8U.jpg,5
qrp2h9JhjjY.jpg,0
2LbKewmoPYE.jpg,0
u613qKsE5m8.jpg,1
-lJCXAlZAe0.jpg,2
kFFsm7Wq5kA.jpg,7
Jr0IIm97PjA.jpg,2
GPvGmO7WRZc.jpg,0
zVCUMZ03V6c.jpg,1
YGrLeNtmYqg.jpg,2
baEou7-0YY8.jpg,8
23ILL-m8NLs.jpg,4
JCNW2zZ2iGE.jpg,7
DGaR41OG13Y.jpg,1
tlsOlBzEp1Y.jpg,3
xQtMdNiSXlU.jpg,1
yCNGeMp5Zes.jpg,3
PB3Tbm_4tp8.jpg,2
EJS5DdPtwQA.jpg,5
_JOiXFC26Vk.jpg,7
vPrSD2yuxUQ.jpg,4
FpcetHtZE1I.jpg,0
QdPPZescc7I.jpg,0
KLy3hhX2GBA.jpg,0
fvFgpDG9C9A.jpg,7
ozekIo0O07U.jpg,8
C0sYuAumTXw.jpg,8
tlSssfxfQE8.jpg,4
s7DZifm7TyM.jpg,6
GKMc5e2XJWE.jpg,1
15jelO2VXY8.jpg,7
-gt1XdBwTvk.jpg,0
99fs2R7d7sQ.jpg,7
AqZEAulmaaU.jpg,1
qRW08rRS2YE.jpg,8
REFHwsf2z8U.jpg,8
vj3QjntArQw.jpg,7
lYdV-cTvjOM.jpg,0
GO86Dfu89FQ.jpg,4
QIvFjJmIs6Q.jpg,3
-mEmecb91MQ.jpg,8
WD23NWQqk4o.jpg,4
qY4TG9E1sJA.jpg,1
L0qXE_3zYnE.jpg,8
YK5lnanp3SU.jpg,4
ajBG_d-MiGU.jpg,8
TeMYei9-L3I.jpg,2
L0kB2UgG7rM.jpg,0
Cq8QgUPiIkE.jpg,8
-qN07wMNGHI.jpg,3
3KRdRku5gvA.jpg,1
ae-Svaj6nBg.jpg,0
_DPgIVCbxbQ.jpg,7
0phbbTQmit4.jpg,8
WXG40-JQXTM.jpg,8
N5z-vBbwqEw.jpg,4
QkDA1pbcgoY.jpg,0
E-P51HV46sQ.jpg,4
RUtEnXAwbpo.jpg,1
OhIziE_wil4.jpg,7
aIkUiUV6jWI.jpg,7
P2f-Z-Rzlto.jpg,8
fvT3uJkNNE8.jpg,7
II7li4s-X6M.jpg,1
gtCLiwroru0.jpg,7
gbH45swTZE8.jpg,1
xMtpWV-uCqk.jpg,4
RVE7CJ5bwcw.jpg,8
PCYF_tXNFtQ.jpg,7
ZHh-JKu2mOM.jpg,1
Epqn5OeAV9c.jpg,7
d1HgbDeYGn0.jpg,0
6zEZDVvoM5Y.jpg,4
6O4wMWmWXK4.jpg,5
H7ppoCvlD-A.jpg,8
0ozj6mJKjNA.jpg,7
OvjEl_0KUoE.jpg,4
dYRw37yGQ6s.jpg,4
iyaNianTUrY.jpg,8
Q0M3zBAW4ko.jpg,1
5rlioZwzOoE.jpg,8
MOFS-EkApAo.jpg,1
o6AG6-RJ25M.jpg,7
kVEZngZxC0Q.jpg,2
q6Bb-vmlGuc.jpg,8
d0gSjBSuXak.jpg,1
CdWigDCFkhI.jpg,6
9OtHOfNJoyA.jpg,3
bOQ41acUT4s.jpg,1
uc888ErIcNA.jpg,5
7FYJ_ZmJy7A.jpg,4
y0H91m4QQgk.jpg,1
rLlpgXLlHQw.jpg,3
qsps1kf4hII.jpg,8
GoocBiBlwCI.jpg,0
6b57EQflHUw.jpg,7
DQr-6vIUF2Q.jpg,3
woGb-tpn95A.jpg,3
URA7DLRNmpA.jpg,0
ZGW3TZfKdB0.jpg,6
uxDDikET8vo.jpg,1
bsmE7PSRUy0.jpg,1
JM86Os2voBY.jpg,7
aX0GdT4qnPc.jpg,7
eG8XxL_DS7Y.jpg,8
CptTcOYWfcY.jpg,8
A-12WUm-wPE.jpg,7
wfYc1YiEcjc.jpg,8
MxVg2WjDkxk.jpg,8
43tAvAvH-Qg.jpg,7
3WAZtSUQLIU.jpg,8
0uVXngoeqk4.jpg,8
mLYbPC_wd-8.jpg,4
Jk3iWaFsSCo.jpg,4
Zir80vsdQUc.jpg,4
MaJ58_NluiY.jpg,0
SEHcakm-fAc.jpg,0
ojRnTUSTZ14.jpg,4
GA0gK6rmqFQ.jpg,1
XyW_ZrqwfIk.jpg,4
TJcSqv_8Aw0.jpg,1
GjZcP2dt7Lc.jpg,8
FqyXBTLOeRI.jpg,4
8YMH46LLieo.jpg,8
QzajrwRMr0Y.jpg,8
lbqWJwgrTu8.jpg,1
NJz1VnMofRQ.jpg,4
rLvZAe6Dqv8.jpg,8
e4RdU7bPHJE.jpg,0
XjTaYfKD5AA.jpg,7
Pkwf3okyjIY.jpg,3
ERzXOeKM4g0.jpg,8
nIX22E67-Eo.jpg,1
6S3WSDbaamw.jpg,0
XXFKdSGnkZk.jpg,3
qiQKKUFZuo0.jpg,7
sxg_4iFyKTQ.jpg,0
sdRS6KsQuaA.jpg,1
FQCCke5oRJ0.jpg,4
0nSdV9DJwow.jpg,4
Rfz6mTnHWA4.jpg,8
mFRzWwhJYLI.jpg,3
FdbwFIVdf1o.jpg,8
rWBlhcfHRbc.jpg,8
r-9XlOek3i8.jpg,0
A4TZKeP7HXo.jpg,3
RPpR6eDmC88.jpg,8
h4XU2oLM1k8.jpg,7
7DkmB-btFfY.jpg,1
y9gFSwPPQf8.jpg,7
doRDwc2Ya1c.jpg,7
GSMHCvoZQCk.jpg,0
Qn3QZdRroVE.jpg,3
_XVYk1vV8KU.jpg,1
TwBPMtCMMrs.jpg,8
JoZidb1nfus.jpg,6
OJ97_12T3QE.jpg,0
ZqiP-VSDuvU.jpg,6
aT6mFhoZS4E.jpg,7
bgNeOpg78uQ.jpg,0
FA2MiHkGxlQ.jpg,4
j3Y5XK7jJjk.jpg,5
Ul_FOcyeFA0.jpg,1
aI96_T4bBNQ.jpg,4
nl_HBxDuAsU.jpg,3
9jpZL9d4B5M.jpg,3
gMDArNX93tQ.jpg,8
zk-3GgEdXFA.jpg,1
l9mdbhcPWDU.jpg,6
Nj_5DcVKTCo.jpg,4
4lP0sAFzoB0.jpg,7
wHRBlfLrsA0.jpg,2
S_2-OSXzwKw.jpg,7
LWG07w7F2tI.jpg,2
lATWM5cZAzg.jpg,1
AMvxJDDvJdU.jpg,7
CwlLBToFGQY.jpg,1
MkUn5pqta3M.jpg,1
42F6Tn5cmcs.jpg,0
y5sGS_YTQOE.jpg,6
j4XJz7KszMs.jpg,3
9zATq_zp0Js.jpg,5
85dtt14hKlc.jpg,3
tkdBIqvQAy8.jpg,7
hQ1THksvawg.jpg,7
2s9FCoxOsh0.jpg,7
ZdE0tgrqXuI.jpg,1
iGJ3TuxAGTM.jpg,4
Zzq2b4iQBKs.jpg,8
LDg44DQZgVs.jpg,8
12cGM8Quszs.jpg,1
8XxsQRiyzS8.jpg,8
rRYTEaRyUrY.jpg,6
mzFTUdpTEhg.jpg,8
2lyBEDWL3Qs.jpg,6
0xCOH15OaqM.jpg,4
0SJ_E6VIB28.jpg,7
HB4poXpS4iw.jpg,0
CUhep1ZhwFQ.jpg,3
FgbnOcjt9h8.jpg,2
myUaDskWx5I.jpg,6
YJ3gR4V8qck.jpg,4
sL_yF8JeX6Q.jpg,4
BVwdY6WkGxI.jpg,4
pSdkCgaSpY8.jpg,0
3uSIf529AOg.jpg,1
8TuUeyC25hM.jpg,0
Q5fPQwa2HCU.jpg,0
5yfg2IgjcVQ.jpg,0
xbulkAPePeI.jpg,4
D0vcYrWsmb0.jpg,8
fwwNeU2Z2JA.jpg,3
hTfamjedfkg.jpg,0
wi2BBQ9rnSQ.jpg,3
rRxccUdkGq4.jpg,1
t5ERhxnHXI4.jpg,7
kCndgU796J8.jpg,7
VqrMzXJcNoM.jpg,1
g4FruuHd9wo.jpg,4
xaTQazKQxHo.jpg,8
Ad9jG5MpM2E.jpg,8
IKwx0fGn4OE.jpg,8
5h6dPOq20kc.jpg,1
zIlQii4Na7k.jpg,7
mTmgaxtgSJ8.jpg,8
mQmDRDuHKio.jpg,8
eZcP4R891Zo.jpg,4
eeDYK-DA76E.jpg,5
UX_V-jl1h2c.jpg,7
7ZbGZppdhKY.jpg,7
H1FKITt3bQA.jpg,2
mBluatQv9b8.jpg,4
otGVyy5Yedo.jpg,8
glAcnFwAPHo.jpg,0
ohn8VflLUBw.jpg,8
5XVWLIKIZk4.jpg,2
Ps40s2ivyyM.jpg,1
oSdZ9bIXF2I.jpg,0
iYNHOoADEN0.jpg,4
uKZcYU6MxMg.jpg,7
6mkXIigG8kY.jpg,8
Ttq5Y1qJOXQ.jpg,8
9NUscjF2s6k.jpg,3
M_3mjYS0Bno.jpg,6
FemMb4ibGUs.jpg,5
dHrSLkOYtuc.jpg,0
6Mku5GTEFz8.jpg,1
Q5wG85k1ZsQ.jpg,1
fYJz60SzptE.jpg,8
7SKGXkZKjV8.jpg,0
DER85APkZhc.jpg,8
el4RuUzpdEs.jpg,4
Rmgwjy1paHM.jpg,5
VSZFJAwCOSM.jpg,0
Unrf5IT1Rt8.jpg,0
tvzGpyvvPqc.jpg,0
MwGHSqKerOo.jpg,7
2EuPeWRBbss.jpg,4
v8k-RGzZaH8.jpg,0
agXtngn7hyI.jpg,8
SgrfCgr4cyU.jpg,7
m4HE0vBeSRg.jpg,4
P0-rcBUmtV4.jpg,7
svJ2Ywe_c2k.jpg,8
4JFahKqOEUo.jpg,5
uiHFu0SyQQw.jpg,4
pM8Ji6T1gUY.jpg,3
hR3wk3B9NXY.jpg,8
x6et_mlkDfk.jpg,4
PIrATc6XKao.jpg,7
uet2pMga7xE.jpg,0
afbE1U82tlU.jpg,1
AP4qTHti3NA.jpg,4
sD_UK3FUGxY.jpg,8
fJu1euBpt0Q.jpg,8
YFHe9QxfSV8.jpg,8
6AoQZ4ZSPIA.jpg,0
uVY2wdAoTV0.jpg,0
hQAG3DnkmIs.jpg,8
HReZebELtow.jpg,7
G650mfq9sTI.jpg,8
J2vr5AuNAC0.jpg,3
OPpj2eJZxXM.jpg,3
FuIPJ4FCrnM.jpg,7
kiTQxiSc-0A.jpg,1
bq4AjFOMQXE.jpg,5
vMgHh_ILoKE.jpg,4
GFBol7UmE5A.jpg,0
nlCA_i_uvDs.jpg,5
eF0DmNkSmo8.jpg,4
YGvUztXGtis.jpg,0
BomdsEJjb0E.jpg,0
E8QaPTN5uzM.jpg,7
FIKrtOQMXe0.jpg,8
JC8RqTQWQsY.jpg,4
CuEh6hdvweg.jpg,0
PHI0k24Q9Oo.jpg,0
6xJUX88ZbfQ.jpg,0
BB7UNULD-ek.jpg,8
yJOnD1AgcFE.jpg,7
EWFKEDuHT-o.jpg,0
LNc2rkM_b3E.jpg,7
elVOBgN_zjk.jpg,1
eUouFmegReQ.jpg,4
2Of_XRrqbUU.jpg,4
GxzuHLXh1L4.jpg,6
xCG3JWx5Fqo.jpg,8
cFWfDwh8L58.jpg,2
xjKhHSmalWM.jpg,8
5G9oQvDXHGs.jpg,4
2KToNpuCGzs.jpg,8
PzY10Q98Ml0.jpg,0
Z71SGgxxcas.jpg,4
s_jhgHGxpAk.jpg,7
4d6LpwgB-IU.jpg,8
2cpYe_9vJbc.jpg,0
YG7p-spx4ok.jpg,4
aHksaBninqY.jpg,0
AlOFJSH84cs.jpg,1
uSlffXdR_9k.jpg,6
D4hdYP6O0S8.jpg,1
1XVs8YSHS64.jpg,8
vi30mY_GWJc.jpg,4
tBeWd3Vp3xo.jpg,0
nUVpv2U3IcU.jpg,8
4_9-clpBZAA.jpg,8
rOARcG7qbuk.jpg,1
UeKyqJT1SLg.jpg,8
ok2yddrFUrc.jpg,0
egZOLl4NRpo.jpg,8
7YUatj_Uq6c.jpg,8
rd8p4yoTY6o.jpg,1
wDjqmmuXETE.jpg,1
6bP5nOtqGZ8.jpg,5
yAEuDNBzttM.jpg,0
qdFBTe6z-0Y.jpg,6
7awq7hypyBE.jpg,2
mqOY70QBz7U.jpg,8
-OJnaNi0Pdg.jpg,1
ijQREsw3ZQw.jpg,6
o0fdUa1b3i0.jpg,8
fn-zpuY5HzM.jpg,7
eU5SIUiPcfI.jpg,0
7jpvU2TLsIM.jpg,0
mrCJ4PQ-5A8.jpg,7
RtdwoPnCkvE.jpg,2
qeZnkJu7Mqc.jpg,6
iI8upcCsuK0.jpg,4
VoKr9eF1WxI.jpg,3
qZYbcytahDw.jpg,8
PeHX_X4jR_4.jpg,8
CCz3OhmkIqo.jpg,8
kwW9XFROSis.jpg,8
Z5uC4dN6qS4.jpg,7
mT_pRro6B38.jpg,7
GaxKlSWAE9U.jpg,0
1rDTRnOUuPc.jpg,2
dV77wUwPmMc.jpg,0
bK3VM6wCSTY.jpg,8
Q5WB4Jxlx_o.jpg,8
79EQQxzhClI.jpg,4
UKQE1-9Rtps.jpg,3
mTCgnJCyz2Q.jpg,7
pF8-DI-fk_I.jpg,0
r5Ep8vTgHbo.jpg,7
n7cELnCHIb0.jpg,8
kHH7FuS2w_U.jpg,5
GBXtb7l13bY.jpg,7
_-bO7-GLUms.jpg,6
Rz-79kB5W6U.jpg,8
A2syNVDncMk.jpg,1
uac71ebfZi0.jpg,7
DUf-cjAt3vI.jpg,0
hMM8ZOoJZrg.jpg,8
9ZtqbzY6niE.jpg,7
y0pbhp3dsfU.jpg,1
CeoIf8m9knQ.jpg,4
Eu0MtsnZfZ8.jpg,1
OLLGb2IsQiY.jpg,3
7Ism_fgcFxo.jpg,8
Rsr0FhjGATU.jpg,3
nsQorxog4pw.jpg,4
l8rYbHDHQpM.jpg,1
cPVE7QGS7As.jpg,0
zjpe12HM-pk.jpg,8
sTqmE0Pfai8.jpg,3
VOLWAiL29iM.jpg,2
hVuYi1Oaxh0.jpg,4
Z71zWskGbBw.jpg,8
gqBexoA10t8.jpg,1
tIHaML6KhA8.jpg,7
kq-KPrD_Hl8.jpg,7
gptvonTBNz0.jpg,4
fZy3z-Y-49E.jpg,8
f02_px8Pjm4.jpg,0
N42JtG3V6Ow.jpg,0
rx-PMsrqSwU.jpg,0
-N4O6BAzCGM.jpg,4
IR4YfG0EHok.jpg,8
RFEj1bA24kE.jpg,5
vCPCRDSnJQk.jpg,8
q6CKyy8b0qE.jpg,8
wVQpnzyE0eU.jpg,1
gV1Sw7aSg5s.jpg,7
0lyLi1HPKWs.jpg,0
55KA7HoIzQM.jpg,5
T5Ov65Y_G08.jpg,8
gS16butphaA.jpg,5
fE5Kxc8oiPg.jpg,4
14yUx4IJ0Qg.jpg,4
NykifKTWxqs.jpg,8
vLIwSUs5QpI.jpg,1
bBmMvJp-8AE.jpg,4
rUGFDF-jl8Q.jpg,0
y53AERw0HRQ.jpg,6
BifGRphziRc.jpg,1
N2-dlmHYpZ0.jpg,8
X4HpxvL2dno.jpg,6
y2gH1onKxy8.jpg,0
EjD6iJPnAHs.jpg,2
HoxQ7aAcVxE.jpg,4
gcyDysculAc.jpg,0
Om_e_8p_DWg.jpg,8
-giaOxJF2as.jpg,1
8wd8E_AsOU4.jpg,4
MWP5RhSfIdg.jpg,1
RKnf6RL_9LE.jpg,0
XmG7njZNnS4.jpg,0
u-y-dQbT0GQ.jpg,3
Q_XIao2HLUE.jpg,3
u9Jtlhv1IX8.jpg,8
gTN6Pb3zBa0.jpg,0
4OBHpz3tTTk.jpg,7
FuEkr8-riGs.jpg,4
R61lOwPDQlI.jpg,0
PWzBD5F7-Ro.jpg,0
jNRcRMX1cg8.jpg,7
P6EC5amOtvw.jpg,8
brYapY9qKA4.jpg,1
WsJUrcwPuL0.jpg,8
ZYu6XsHlENM.jpg,8
eg3et1Uhg6I.jpg,0
_uqRQPg1ako.jpg,4
gJ9rEQGJBF4.jpg,1
ak77fEXyIjc.jpg,5
2pPXgKQ-hwE.jpg,4
GbOL9vqk2wg.jpg,4
yJJ9zY3EShw.jpg,7
zgE9h0PPY5M.jpg,8
IGDtt-MM0Bo.jpg,7
XjkFXPO8xM4.jpg,1
9n7MQEeZOyY.jpg,0
8dhNmyLgg20.jpg,6
hDnhtyhfB78.jpg,4
G0dRdDqLha0.jpg,2
uGLHWF-f1zA.jpg,5
X1hN8ND37Q0.jpg,5
AdippCHKovI.jpg,5
eRibzYwLS5c.jpg,8
SBt2G8PDpGM.jpg,4
V1jN2xXYcN0.jpg,2
gPBwzV4lgOI.jpg,3
lvFBrGUdyaI.jpg,0
5qsCnrYNgkY.jpg,0
0_lWvb2wf_I.jpg,7
3vsxfxoKTvM.jpg,8
Vmc3bqrUrJA.jpg,7
xYJLURu3cl0.jpg,0
Hs752E2p1gI.jpg,0
UVHzPPNuYeg.jpg,0
QfKlvulQ2dA.jpg,7
ngqsKTbxzt4.jpg,1
lCFtQY5b9D8.jpg,8
sMFgUkUBLeo.jpg,0
BICAgCoPMtQ.jpg,4
w5RoJc6pstQ.jpg,7
isjuSfsRcqc.jpg,4
uDGhIX8Z490.jpg,7
ID0C8j6PSTg.jpg,3
_ozPN-TgPbg.jpg,0
kNHx8_mJJRs.jpg,8
pewMESrly-o.jpg,8
cCEx6G8QnYA.jpg,4
3N6snWMfZTo.jpg,0
JTexuaNu03I.jpg,5
k8suGOSZcrQ.jpg,8
t6sYBtDaYyA.jpg,8
-W9wcP2CrNQ.jpg,4
FtidO545_xE.jpg,0
HEAG70sgyik.jpg,8
A0iUMPH-unU.jpg,8
eoVlit2BJo4.jpg,7
Xm7kzBzXNzQ.jpg,7
IqA_Ae_fso0.jpg,8
dLo695R9_oU.jpg,0
ucsvSCYh7Q0.jpg,3
2g3Gu9cA_AU.jpg,4
LnWyJX4WGV4.jpg,2
zxplORm2L2k.jpg,1
i-qD_1SJHCA.jpg,4
ULwXOAFO3uM.jpg,0
q69oA9yZAXM.jpg,7
QM4HHt-vEio.jpg,3
DmYUC-Aq9nY.jpg,4
pdTl6_ADKJQ.jpg,5
uGp7m2EGrzs.jpg,0
1Id3LdofBzE.jpg,4
DIUjAKeL_hA.jpg,2
nqz1BBMWWMQ.jpg,1
uizyg1iRCBk.jpg,0
clwOTT1q6p4.jpg,0
AxuQqgzlL2o.jpg,5
HBnq9SVT4jQ.jpg,1
0SuxlU2irSg.jpg,0
JGkhrd5j3Fo.jpg,1
0AgEOisahXE.jpg,6
EYnqgk8eg8I.jpg,0
a6uVUSm5QYc.jpg,0
dzB2_5j_7h0.jpg,0
PHa0gPT57cs.jpg,0
vonadgix0ck.jpg,3
7mFbswax8xU.jpg,4
sM9LuOdnbIc.jpg,5
qgYjqlLMSAI.jpg,8
PB19pMM-JDk.jpg,1
gIddrWQEUoE.jpg,8
MNCsbfjPc68.jpg,0
6198lr4fKuo.jpg,6
nY-YiI3hP_c.jpg,7
pxUOnyM6nrM.jpg,6
vO4jGIOjjBc.jpg,7
P41cfGNBCIg.jpg,7
fiekPVXNrwo.jpg,0
h3ZBhgAi8SU.jpg,4
p_RgUOmRJbA.jpg,7
6eEIRdCVrq8.jpg,3
h8suGS8iarQ.jpg,0
ja7aMIsr2tM.jpg,8
leI26ssf03c.jpg,0
SavMTI1KLGk.jpg,4
Z57Yi5IC__g.jpg,0
A1KpudH7JUE.jpg,1
5VZ-xg-iCU0.jpg,0
1SPiVRRk_Ho.jpg,8
DC6i0yXto_U.jpg,2
a0101E0EuEk.jpg,0
S6c2wgnqZW8.jpg,1
rerkPec_9eE.jpg,4
gOgTEJcF0mk.jpg,4
lvP1kouZ24Y.jpg,1
x2LWYrkSZuU.jpg,1
SgW8Eh71ibk.jpg,0
KUWHXdT39Rg.jpg,1
f8VgsfTRVZg.jpg,8
xqqlmN5JpGw.jpg,4
yvbZcVUqe9A.jpg,4
P1jjgOtdaNY.jpg,1
TX084JSd-1I.jpg,0
p_LIjjqvh0o.jpg,8
_axjtAbqd6U.jpg,0
OE1FvFlLjRU.jpg,7
BIvwtnPDipg.jpg,8
U63sfKEMjlc.jpg,8
keP0IWdfS7M.jpg,8
qw67u_GFn6k.jpg,4
UuZX-o7Z43c.jpg,7
7xmCVS-LMIM.jpg,7
WvVhevrB8kg.jpg,0
1mj1e4i_Y3U.jpg,5
r9Pv0RW8Wuo.jpg,8
Nk-4mQGod7M.jpg,7
r6ifmo3dp4Y.jpg,7
Cs9YEDrJKfc.jpg,1
iYkL4Wzahvs.jpg,6
plOzrvL0oII.jpg,7
5N6NHbM4dUo.jpg,8
pIjt4jnvvqI.jpg,0
EWxc9jvylKA.jpg,7
KJokymeZ5fg.jpg,1
Dd8xFySnZSA.jpg,1
8JjEz0Tw9uA.jpg,0
jI7eN3GJwzM.jpg,7
S3Ptj6-jmLk.jpg,0
LP4dvLjrVCE.jpg,0
CRm9AjRcNOE.jpg,8
RYd-EkXeZ0c.jpg,8
EFNXGJkg-Z4.jpg,8
Z9hd4KX1G3Y.jpg,6
zMCILVqIqVo.jpg,8
eIFMMCiNmZE.jpg,7
dEFz7GwU7bc.jpg,8
ymWVQWHnhVc.jpg,1
P-xWY4n9nAA.jpg,0
80tUWDQ9Qyk.jpg,4
yNWmpn2rthc.jpg,4
b71KmyCAeIE.jpg,4
-Cj7f90E3RU.jpg,8
M01Q74AuaEg.jpg,4
w_nNDS5Amn0.jpg,0
49Aqyf3qVrg.jpg,1
qrT3hd9wXiA.jpg,3
4ze-iguca1E.jpg,7
lqjcBOHN7EI.jpg,1
-grZlXvn1Pg.jpg,7
hTa25I1SqjU.jpg,1
1vkmF9Y2d-E.jpg,0
8qbrBlk8Xpc.jpg,8
xN7A5QtgQE8.jpg,8
IV4BPgWj4Sk.jpg,4
w6MTPb9ihmQ.jpg,1
PZMtxfmN5PE.jpg,8
VtYWavLoZyI.jpg,2
_u7DmBV9i5g.jpg,8
1QhgYA7ZBMs.jpg,1
c-qb_XiEtKo.jpg,7
one1UjZWemc.jpg,1
CKIXGJtS36c.jpg,0
R6lFdNueJKI.jpg,8
LgCDPlIZwmw.jpg,4
WJEGLVoSwAk.jpg,7
Jppwo7-7hLs.jpg,4
87evlKKxhBg.jpg,1
QjPv5cyiY_E.jpg,7
TUpXtj39D6s.jpg,3
8BvdYZ68KEI.jpg,8
e0MJi_f3oyQ.jpg,7
XvOrMZISbP0.jpg,7
PKSvwfsDvfY.jpg,4
72S9yzlxiEQ.jpg,0
W9wD47GyDjk.jpg,6
sufxesh6dAU.jpg,7
6AQMx3em1wQ.jpg,2
QCcLyMzbZFs.jpg,8
zdjQLwp0tKs.jpg,6
H0wALN2S-lw.jpg,3
3_5eKn_QRD4.jpg,8
vX7h00oBgOQ.jpg,1
qI6DKdku47k.jpg,3
qQ2wZHFZ81g.jpg,0
qSS_yKQSHQw.jpg,0
9yMIaUe8UOM.jpg,1
NlIm2wakUN4.jpg,8
SNg3YgvLvsE.jpg,8
780xD4hQSwE.jpg,4
KZiETX7u3qg.jpg,4
lhrnM4b049c.jpg,4
nCelrgdKmj0.jpg,8
XlrGdKgEbRc.jpg,1
FAdLpCV4U4s.jpg,1
2Qgww79CbL8.jpg,7
J4d_nLGfPlw.jpg,8
caky1MDT8s0.jpg,4
F7ptNozujxE.jpg,1
faxODCF649o.jpg,0
L7xMqiHSzyg.jpg,8
KZ2JyTeVveo.jpg,1
PCKVqeJLoGo.jpg,3
exjs7zwENig.jpg,4
PMabXm2O5IY.jpg,8
QG5mA1zVqRo.jpg,3
Rn41p4R6_ng.jpg,0
vuo64W9y2hU.jpg,0
8sadyBef2Ms.jpg,8
ddwf9vdHqH4.jpg,7
m9qd7n_64c0.jpg,0
xkx3Emwq0mQ.jpg,7
Aq22Qo5L1_4.jpg,5
ignMZ_hH4xU.jpg,1
zpjpLp3UBsM.jpg,4
p0AQYIvJ38U.jpg,4
3rHC63hre04.jpg,4
maxZEnpH-2I.jpg,8
PKMcwtn-lOk.jpg,8
IwmWGR6hLPY.jpg,0
Eg2oX2Bq0pM.jpg,8
p05TwjOjaJM.jpg,5
z2xDGzeqCls.jpg,0
hmX-_gQPlLA.jpg,8
v9PsUbCLyRs.jpg,7
ypnYT21TigY.jpg,8
HSa7IAJLXPM.jpg,1
WuXmn_x2h_c.jpg,4
OBzQ9z9yIuI.jpg,0
ZrCaY7YbGTY.jpg,0
xGMki9dNQIA.jpg,8
0Ixjd5qHGng.jpg,0
HsfYynINzPg.jpg,8
64YQnt5_4j8.jpg,1
dCCHg6HNWjY.jpg,8
qhExsHgVipA.jpg,4
xm0YBwkyzGo.jpg,7
t1bBhtyaJ5A.jpg,0
VAyMJ3XYdR8.jpg,0
Q8MDD9diubs.jpg,0
XSimxatHMsY.jpg,1
nE5UNQxN6MM.jpg,3
S5R8KKFlDnk.jpg,1
w2atPClWkt4.jpg,2
hgZSrddAylY.jpg,0
KaXmcmxIyRk.jpg,1
D3wv2asOl1g.jpg,0
B_AWKia3H5k.jpg,0
W_rcgZVTKao.jpg,4
pbyhQ5v1iS4.jpg,8
L4-2PXNXz-I.jpg,4
JgBStkx66p8.jpg,8
g0bR4rQN-80.jpg,4
SXb7FGWEFec.jpg,8
TcY4JovmQ8c.jpg,4
K3le2kOi3Uc.jpg,0
3aFtmti44g8.jpg,0
FiDU9t_yLbk.jpg,3
lLGbhA7xnvU.jpg,0
Gqk2iu48Oxk.jpg,5
e9olgXH8rLY.jpg,4
vu2wk8P_RpM.jpg,7
RCgjNwke9oc.jpg,0
GVWOnTjipYU.jpg,6
DeznyTvQELw.jpg,8
f7x3ygKOx9Y.jpg,8
r2ulQhBXE-k.jpg,6
D6is244F6XI.jpg,0
Lkw5hqYyaMI.jpg,7
2ohubCIsYIA.jpg,0
S9N7iePN7EA.jpg,4
04rjNrZe9L8.jpg,4
3nQRqUpbFys.jpg,7
tHfQrY_3gKU.jpg,0
7UmdSTenV7I.jpg,0
KqL9FLBTkak.jpg,8
dD048yYCWgY.jpg,3
S0V6aemmdaY.jpg,8
XQvzrAOXJx8.jpg,0
SnWa6bjanOk.jpg,8
FXNWsQQwDA0.jpg,7
5d0tbhNppBg.jpg,2
AbvJ2hjTpo8.jpg,8
8j5LVDVzlY4.jpg,2
TCeM1ifmBH4.jpg,0
h9FLZWWDO1M.jpg,1
ARbPGL8KKdw.jpg,7
L7HZ6IzlRNg.jpg,0
MTf_lXqUjmg.jpg,7
NpWKaeHg_3Q.jpg,7
XfGxev767Ho.jpg,4
lb7FhsJanfQ.jpg,0
rhDrsej92Is.jpg,2
kVZXeEPl7gc.jpg,8
sawJTaLJvWo.jpg,0
X0eRtHMS5tI.jpg,2
pCUvdwJOJSk.jpg,0
_THrq6qP334.jpg,4
8GrS-ehuhAg.jpg,4
ozAPUnRe-B8.jpg,8
6duXJoSwYFY.jpg,0
m231_-6LLCg.jpg,1
Ak0VzdFjJS8.jpg,0
n7k_AWPGNrc.jpg,0
UdG0M1SMRtI.jpg,4
QtOd5TyUa04.jpg,0
7c3fVjA3hsY.jpg,4
f6ewf00cTzY.jpg,1
D3PM2WZotDA.jpg,8
IM2jDoGwX_w.jpg,4
k2Pfy6gdAsA.jpg,1
yI4TLKnQOpY.jpg,8
7ty7BCtC_VM.jpg,1
3kPcshmL5Ds.jpg,7
ncM9ij4xDt4.jpg,8
ZJ2KwH46URI.jpg,0
wQC9g0gwGl4.jpg,3
hxM0yNOnOPQ.jpg,4
T7RbuYIJ4zc.jpg,4
FzAv4Rl8Pzk.jpg,0
tB9P_CNksmo.jpg,8
t9k1SlmKFno.jpg,1
QAaDogyfJrs.jpg,8
WBh3PqOMqwk.jpg,0
1l9OAtbXp-M.jpg,0
ISWN1yWnhfA.jpg,8
eSVLUkLEl0Q.jpg,8
IlE8qPRDuug.jpg,2
Hyu6WXJeIA8.jpg,7
CUTOxy-ibU8.jpg,8
oHc7ztUmt9M.jpg,8
x3YpTTa7V0I.jpg,7
UBMTzd3gpnc.jpg,7
sGTNGbebr7w.jpg,8
OXZoPhgENEg.jpg,7
pIDzPmE6DEM.jpg,0
u3HPh6BWB5k.jpg,8
aPrL4D5Qvcs.jpg,5
o3Oa9wmMP9o.jpg,1
NROTeJa0R18.jpg,4
7qr2i8InfE0.jpg,8
-P495ma86r0.jpg,8
LmPFFqJH6Qw.jpg,0
dShr9wNhmRk.jpg,7
HjsVWP7cyaY.jpg,6
viFXAsWBNZo.jpg,2
h1I-X8XLufw.jpg,6
8Uxap0BEyOk.jpg,0
p50sJ4tVusc.jpg,1
g9JgpKQaay0.jpg,7
faSpXXbQlRE.jpg,1
aw-9CcN8XTE.jpg,0
Y5uTYgNQPac.jpg,0
ncpoU2nmIWI.jpg,7
8BTSAvGBTwA.jpg,8
dB9xrZwPfAw.jpg,8
S3wCUxOg3Jg.jpg,1
UiZns0bGEPA.jpg,1
wpWhNzGxLdM.jpg,7
C832X6m5zbE.jpg,8
a-Nl5Oz_qs8.jpg,0
nu3_Dko3ETo.jpg,3
lVOzzo8Uh9k.jpg,7
GlMnbkH0564.jpg,8
9wfpt2O5Ems.jpg,2
MDJ0I15UFt8.jpg,8
jGXgjoZLhBU.jpg,1
HjZ7ieWqdu0.jpg,1
6ZFUrHoL2kU.jpg,3
fqgRiW5etZU.jpg,8
5oLqpgoOmBE.jpg,4
Od6ye5lwaNI.jpg,3
QdPrDvufrZo.jpg,8
xGaFFipKHk4.jpg,1
QAO0rOAaOjA.jpg,1
CETKSKaCIrQ.jpg,1
Iz9Bg4PXps4.jpg,8
EpmSoNqnRqE.jpg,8
XjrQwt3vjdk.jpg,7
0FFIcO5KaFg.jpg,7
2W-cSqtVa2s.jpg,7
eV66hRLAl8A.jpg,3
OxtIR65xa68.jpg,8
eQ1K39Li53o.jpg,8
v2bghI63d3w.jpg,0
Kz3L3SRuNw8.jpg,8
9wAKRFYDIQ4.jpg,7
MjF1C6lvWI4.jpg,1
e-cgENjq-5A.jpg,8
gda3XFGIBDc.jpg,4
SBucSj3QSTI.jpg,6
OzfTQZVYKmY.jpg,7
c02yGymoCQc.jpg,8
ArFaYJ_gst4.jpg,7
yAPsK6A3cWM.jpg,1
LFxLUVt1K_g.jpg,4
PG1jqH10PMQ.jpg,7
Djuxn9IgzNs.jpg,7
2-jjiuCsfW8.jpg,0
n2oup0I-WGE.jpg,8
7UGFCDBcf1w.jpg,3
dp_m1M7Yn30.jpg,3
cVw5uPVL4CY.jpg,1
BWcGyLVCwlo.jpg,8
6KzL36MwUCA.jpg,7
CvcYgb69SaY.jpg,0
WA_zMhjGUPc.jpg,8
ZVlfhJVvjd8.jpg,4
g-HIJs57wWw.jpg,4
Qm43p-fOYXQ.jpg,8
IFCqt11SgoE.jpg,1
Qb9lBf92VaQ.jpg,0
KV1BZjF6Qo0.jpg,3
SbBPGAkNR28.jpg,7
_jBK2dxZJUU.jpg,8
Xfy-C-W8GjI.jpg,8
xJIyh5ibC2w.jpg,2
Rd2DidDZukk.jpg,4
hrqp3z3F99g.jpg,0
JY3UXUTf1lA.jpg,4
fLylwsyWu1A.jpg,8
Jkt6aje8RZM.jpg,0
Z4qeD5g59BE.jpg,8
A-jW_nfBEq4.jpg,5
ZyUVb0Vvb9E.jpg,1
ltjkKrv-oJc.jpg,5
LDTH0LpkYRM.jpg,1
_Ow7yGR-ySo.jpg,4
IYmduy7pjeo.jpg,6
-9AnHP7fGng.jpg,7
N9KOxQznyuk.jpg,0
dbt8LnEGAoI.jpg,4
9v5cbDdzKbw.jpg,4
Gqf4xgzPPec.jpg,0
EZ0X643ZK1I.jpg,8
A0AcK6cBO-8.jpg,0
Kx6_SSnSOxk.jpg,4
yROyjkdSTz0.jpg,2
sqw2bkYDK5M.jpg,4
8kkqI6VA22w.jpg,0
DvwI8ZemN78.jpg,8
JyespbKFTZE.jpg,7
fjTlH59SU_o.jpg,0
Ikp2D9egVn8.jpg,4
Nw9q3sK_szM.jpg,8
jr0XlcFxLH4.jpg,4
Zezi1GvzXZ4.jpg,0
TtsZlftn3GE.jpg,8
HkosGBi4Ffg.jpg,8
zi4ILQFHMsE.jpg,7
bmkN84vdClI.jpg,8
qq5ZssMiz00.jpg,4
3P4AEIny_T4.jpg,1
cw3iNGNfpL0.jpg,4
trKVqUpFWV8.jpg,1
QN63iDxR-Bo.jpg,1
K8O6s94vkAU.jpg,4
WspH9IcOPh4.jpg,3
pv_sf48CNKA.jpg,8
oJhSQFGK4bI.jpg,0
tzhkcWTxiL0.jpg,1
NaowzREhCBA.jpg,0
0_pTnqziRqo.jpg,8
2bczncKnjPI.jpg,8
sZPrqIJLFiM.jpg,4
wLhDZLEhVn4.jpg,0
_H3r3sZcP7s.jpg,7
Cu6Byq8yaUk.jpg,8
5Rb7adnfzZ4.jpg,8
OQz52FZQ2w4.jpg,1
KhpB1OV-5oU.jpg,0
xOdza-g-fkU.jpg,7
y3YHHb8zXx0.jpg,1
VsuZi21cq3o.jpg,8
_bnTIsGDc1Y.jpg,8
ZzWIaF3IVLw.jpg,8
-Io9ico0m5c.jpg,0
UYpa6g08XTE.jpg,1
mEc4W1_D5Hc.jpg,8
LPIAj0OTdEQ.jpg,7
WzZQH65Okrs.jpg,0
nEZXpj9pZi0.jpg,4
AqccGzYs_y0.jpg,4
sTRjxJ_9B4s.jpg,8
NPgGlRbnXSg.jpg,8
sVPw2O0L9G0.jpg,8
xD5ZhQm_oLA.jpg,8
_yKjCCFDgl8.jpg,4
k3sMgLi7Ka8.jpg,8
h1Sv8VLmp1s.jpg,8
TFKoWak1W8c.jpg,2
mlH5KOA75pg.jpg,2
q9iOfM0IRCg.jpg,7
CVX6o95uFw8.jpg,8
abV2I3VV704.jpg,2
1YP6esum2AU.jpg,8
MhyIi6VZeco.jpg,3
B98a_jBm8Io.jpg,1
X5lKl8tTH9w.jpg,6
-F6GwSrtXhM.jpg,5
7FT99_QIvGU.jpg,0
A6JjAVj92GE.jpg,0
riQB7iF8vac.jpg,4
_cURRf5FuWk.jpg,0
1FJE4khqN8c.jpg,1
qQrl4s2Zoeo.jpg,8
9iZsdoGmU0E.jpg,2
Vd6iksiczVA.jpg,1
HMd102XnZxI.jpg,1
cMbhwsgbA7U.jpg,1
1MjQUMrI33w.jpg,7
xEN-6sHYdvo.jpg,0
i4q5Lcml3AI.jpg,0
deonXoEZX_A.jpg,8
djAJLgU_ZN0.jpg,4
y-caJXqQf-I.jpg,0
yct7ym9A1sc.jpg,6
8lIj-pjHonU.jpg,7
kOko-qjK1GE.jpg,3
ic00sGYR0as.jpg,8
GDSs4WRvx1k.jpg,8
VdDOYk0nW3o.jpg,1
VztEUpWFVqA.jpg,1
ZNvMlpYInxc.jpg,3
_YWNJnDOeVo.jpg,8
2GiN6VhfqXY.jpg,0
KiGludLCcAc.jpg,8
vzDmvCANogU.jpg,4
SutUiu6d4Iw.jpg,2
shLl_K2MD6w.jpg,0
GOg5lJ52tCA.jpg,7
pRSFbn2IJDI.jpg,8
sxYh8WljJ8g.jpg,4
81oKxvD3Y5M.jpg,0
osx-utF-jJA.jpg,8
EBg-Mr88yQI.jpg,4
T_H8F2Q7G-M.jpg,8
mt09gmxkhiE.jpg,1
wNZFPIK4esk.jpg,7
fTeArIlDD3A.jpg,3
xcfCDsRarO4.jpg,7
Tx2XKq0vL4U.jpg,4
JfbqF_3wxlw.jpg,0
K1BUd-N4Vd0.jpg,1
Cl5L9va2pco.jpg,1
pVWjhJUhHK0.jpg,6
V46rZLjl8iw.jpg,4
rJjI-7JTveo.jpg,0
B5Dy8RYkYUc.jpg,8
E_p5G8Afd-Q.jpg,7
oLqhqPboxwo.jpg,4
Idov7fMtaww.jpg,7
2ut6U76dAG4.jpg,3
5gD0Roib1XE.jpg,3
-YnmcFu23MY.jpg,1
XJJMcCVgxrI.jpg,8
3YVgNbkEJUE.jpg,7
-r0_RiUKMwI.jpg,8
7ZV0blgps30.jpg,0
ACxzsWw4Wtg.jpg,7
Kk9_S9XKW-k.jpg,8
3Zg6UqkTN2k.jpg,8
YndbAJDipdg.jpg,1
-Zq3kTQJnfs.jpg,7
PVaxc9l_g7Y.jpg,4
vT8DmLx8PHU.jpg,6
7uXjHV-dQyk.jpg,8
yCWP4GCFi_s.jpg,7
HIqbp6Z3LvE.jpg,6
3Tt8xioiz5o.jpg,0
zyRH0wZ83Ig.jpg,1
Gb6Q-wXidU0.jpg,8
SFUUMWz3BRY.jpg,4
bstI2CCMhug.jpg,2
SmsG86qqVg0.jpg,1
OP-wvfxWE_s.jpg,1
Qof2qPGGVFI.jpg,8
MbDhb5ty-cU.jpg,3
alceTsf3A7Y.jpg,0
-f2Q1V2NA_w.jpg,8
ZgIDMbjFqOg.jpg,7
ZVEE0PmxHGM.jpg,7
hFbjVsBRwgM.jpg,2
P-z2crgNP-8.jpg,8
aGGkzRhhNyc.jpg,0
A2Jgvjv3Er8.jpg,0
MtY8UxPgAUc.jpg,7
lhQfavLbTzQ.jpg,7
bdHJMtYcIpc.jpg,1
d6bc84nO9B8.jpg,3
pgDfxXLYFxI.jpg,6
MZXIzc6NfHw.jpg,8
i_9KzfOYOUQ.jpg,4
vCqmAESDnKM.jpg,7
8wlLXq47Cb8.jpg,8
Sm7yrbNWz28.jpg,1
ubhIkV1YUss.jpg,7
DLP4M8gmdOE.jpg,4
l9mIUDxVRv0.jpg,4
UNWsaemvS6E.jpg,0
T6OpdSJYRqE.jpg,1
NAzpzBI0u-g.jpg,1
I690Z2WXlRo.jpg,5
_l_W9rRsOXw.jpg,8
gloEV_0hPaA.jpg,5
xetiqNPjrig.jpg,8
CT_xbqulfdI.jpg,1
krm9y3dkKzo.jpg,8
Li8ixiIU_OU.jpg,4
deWGpHImbNI.jpg,0
TeeOsth2t-Q.jpg,0
X4SzOUpyCfs.jpg,0
1fGtzDnoLFg.jpg,0
bKerem1sELM.jpg,1
0D9tN9qchK4.jpg,8
Wrk8D5YIhp0.jpg,0
yG_K_dDkF8Y.jpg,1
xbrFD3TcTpA.jpg,0
yZU5PxyAiR4.jpg,4
01KAy1vxr8E.jpg,1
4aVyw16mMK0.jpg,8
m86NIvQvo5s.jpg,8
SiiYQYaNG_k.jpg,1
MAhQqNDmfEk.jpg,7
udxRkas0bhY.jpg,1
WlPM99K-Os0.jpg,1
Zbuz1HSivMw.jpg,1
XWHmwj_2BuY.jpg,3
v_MydRbRE6Q.jpg,3
NgCJlHS7Xps.jpg,2
BGakwYdbe2M.jpg,8
ZplV4yu6O2s.jpg,4
z8lg1SQY5xk.jpg,0
q5hENGzL2BE.jpg,3
QwEDNJWdozE.jpg,0
NtiNXJ-XbjQ.jpg,7
POocIXBh2xY.jpg,4
SlcVb1lfnI4.jpg,0
l6nVBzWat3g.jpg,8
ZaPWF7LIwA4.jpg,0
Hjhceja4oLo.jpg,1
ZBtVDKxaaCo.jpg,0
7tjxU9TqtW8.jpg,0
7dRGee6bay8.jpg,7
XkRnOG7zbmE.jpg,8
p_hTUfozSbc.jpg,0
UUiUauaWKQI.jpg,8
dP2I_iMZ0gY.jpg,7
mVyJCkjnzOY.jpg,8
swDXRK8larA.jpg,8
0UN-0TQnN3c.jpg,4
vq1Cp893UwQ.jpg,6
X9uOURLpJXk.jpg,7
yUIysAnpO2k.jpg,7
cntVFWMLfFI.jpg,7
S9q3e8AL_-0.jpg,0
yKfMvKCwK-0.jpg,0
XjOPLNwbiCY.jpg,7
79sBacNtT8Q.jpg,8
V2V6r1xMe28.jpg,8
ZU8foqh8W7Y.jpg,1
VJu7qJRYqAc.jpg,7
E25RII9cCqE.jpg,7
ecFU5cP8Jso.jpg,3
a4-hIIOJ364.jpg,7
W67gfJeeOeE.jpg,7
aoc1_LwKaUg.jpg,8
znn71PRXzoM.jpg,6
TfaadsvOoTk.jpg,5
fx_MMVu-wAI.jpg,0
MUaG1DbMHL8.jpg,4
vSnPU5TBYqc.jpg,0
stMSVi5wI8k.jpg,7
Q1s9tufujfc.jpg,7
bBI8CfzvkZk.jpg,8
b0r0y0ja6ag.jpg,4
GspJ_UUOxMI.jpg,7
pdTVLNTtfKU.jpg,6
1-B5LQQ1o8c.jpg,8
i876LXJgsok.jpg,5
ru8ThPyL_y4.jpg,7
Dcg-6EzY-sM.jpg,1
ixfIOIftdk4.jpg,8
Uhck2wAnabo.jpg,7
iqPwhd-Cr4o.jpg,0
yhzTJ3Q_2KA.jpg,8
3otFudrZhU8.jpg,7
pm4qMsyVH_E.jpg,8
uoDwu_ffpAE.jpg,1
ddzyylp0WXA.jpg,0
7LGKv4A_mx4.jpg,7
CgYpx0eCBFY.jpg,7
DuqU3fQvRHE.jpg,8
1RE4zVbcthQ.jpg,7
PleLyl-RBK4.jpg,8
LWG8PiyZRuk.jpg,4
zCSxE56VkH8.jpg,0
Q4dxx8y6Qjc.jpg,7
M0lKXfyJh-I.jpg,0
aLs95fNKAr4.jpg,4
Y2d57t47WFg.jpg,8
NNsL7qOHbDY.jpg,4
8cfweBgx41U.jpg,7
urxd9p2TeNQ.jpg,8
vDHmPRlNVaQ.jpg,2
kH7XodZxpz4.jpg,0
QA8KohqTtIo.jpg,0
9Ur99JzRwys.jpg,0
cuONLEO3xws.jpg,8
Cfng_DyCWgc.jpg,0
jxnG4c4dHRU.jpg,7
deglj8memQg.jpg,4
wFr_e0dMn00.jpg,1
xnektBuTaDs.jpg,7
Rg9g0AB7I7Y.jpg,7
udc70Eq2FGE.jpg,4
_q1Y1ndDXBc.jpg,7
n1US9aYYpbY.jpg,0
x3MMVVrvBiE.jpg,0
xJZ-Y2cfCY0.jpg,4
yBC0A2dAdkk.jpg,8
1kpKO6cY6NM.jpg,8
Us0WZHowcOw.jpg,2
cvh0cSLddFk.jpg,0
6rgRHjMt-No.jpg,8
0Vem0r75N20.jpg,0
sRRYmf-C4fc.jpg,8
oh_wnswLX4M.jpg,1
sH0SwSsKS3g.jpg,8
bgSrBqcY17M.jpg,6
PYtqxv5bbjY.jpg,8
yU1S-GQz0Ho.jpg,1
p7YMPMxteDU.jpg,8
AnUKT7tdoDg.jpg,0
7PWsfY1go2A.jpg,1
CAX1_gf_2f4.jpg,0
jPrtg4ZZYww.jpg,3
82bMcPR1cOI.jpg,0
GVjNHhIC_9I.jpg,7
YXbfgc41mhY.jpg,1
8rk9mDqhWp4.jpg,8
l9v3ShXJz7k.jpg,7
ln5WiKYqabw.jpg,8
Iiqd7FdWrTE.jpg,0
V9zh9s7ybSI.jpg,7
JXig-kXgJ9o.jpg,8
MaOfWyUPnBg.jpg,0
P4rUzslkhJg.jpg,6
i2iHSPqPJFw.jpg,4
HkJTvZdXt4Y.jpg,8
kQPI7qJWnAI.jpg,8
RFG2iQU8zP0.jpg,4
Bldhi-UdqEU.jpg,4
T6U5FAspH6U.jpg,4
5y8dmtkJ_Ew.jpg,8
VPrX23ORDaQ.jpg,4
CXRr3bcO7WA.jpg,1
uRQ1hPfIWUA.jpg,0
knwZIMcM5D8.jpg,8
0GZvoZUpQrc.jpg,4
zNRM1cWxnJI.jpg,8
1vmjukAsKY0.jpg,1
PA8Xp8zG8lY.jpg,4
TkrK1mY3IUA.jpg,0
A_HLn0O78ZA.jpg,1
dhMyfO1-msk.jpg,7
UP_SRh66Q0I.jpg,8
osReASGenyU.jpg,3
rPwOx_qkwNc.jpg,5
D5gHHFW2x3w.jpg,7
y6c0XunzeGo.jpg,4
BZIpT4eZsM0.jpg,8
9H7yQE8wY3M.jpg,1
zpbBjot4bzQ.jpg,0
8WROAVdvgC8.jpg,3
pRy_Ht6PbxI.jpg,8
8syzyuem6Xo.jpg,3
kns1fdrf4VU.jpg,8
VPjGYtCeG-Q.jpg,6
MYJJWYYduOI.jpg,0
8FBGDozHjH0.jpg,0
7pSGhTgPkzo.jpg,0
k5iAVnIZztk.jpg,8
4QMHfDx_LpM.jpg,0
bKEcNco935s.jpg,4
OpLJGHUDXzU.jpg,8
-kvqIM4VbDs.jpg,1
ESJ0mDbConc.jpg,8
rAfu0-y2Jp4.jpg,7
4rDIA40plOA.jpg,3
ico4xVtTMF0.jpg,8
BtBg6_e9-iE.jpg,2
XkJTV_BftVQ.jpg,8
FMAEkQn8208.jpg,0
bruzUbDMQJU.jpg,7
gYHzsqeObZw.jpg,2
N0oXOhqH1J0.jpg,0
RATU56d2Owo.jpg,2
RfuEvFx45yE.jpg,1
G1q80doOQNY.jpg,4
CLt4trXvXU8.jpg,5
ZadqGNSQwZU.jpg,8
qmDcdLKWW2A.jpg,0
XCmCgDZL76s.jpg,0
Vjq_9nJsuCk.jpg,3
P3J2tPEWMC0.jpg,0
NnhXmt5RBTU.jpg,0
Nr0ydGb3c8U.jpg,3
FeX5Jbfhqwo.jpg,3
v6NGcueUPAk.jpg,7
BGVGKq3rYho.jpg,8
hIqlOdXKoW4.jpg,4
larl2Yh9OKc.jpg,3
pALYQgqNcx0.jpg,2
b-O-0DgG_DY.jpg,4
q1k1d3F74oY.jpg,7
vjgZ8p3uaI8.jpg,0
9EnZ42PI86s.jpg,1
wTlERUE8LVw.jpg,1
RrufQHshQEY.jpg,7
2ccx8UnuM1s.jpg,0
uDIWVhClXZs.jpg,1
DSp3J_vFO3s.jpg,3
v2mmyG9nTNY.jpg,8
Jst0fPlwu3A.jpg,8
oNeQRYQ7q4E.jpg,4
9X6IORMrG8A.jpg,8
StMVuPsOx94.jpg,7
gAeUAw5Uj04.jpg,0
51_-TtQFxgc.jpg,8
YlLzEVcyako.jpg,1
4oYO8E_sZGE.jpg,8
_pI3eMzv_PQ.jpg,7
P9Z4sH_Zjcs.jpg,4
4C4KH01N6J4.jpg,3
U-uCVMHivVY.jpg,4
bnansLwgs28.jpg,8
AVGPPj3c-b0.jpg,7
LlE_4qMdNeI.jpg,3
JlFh376OLag.jpg,1
Wa1Pau9YTtA.jpg,8
vUKwg6LJpKI.jpg,5
vsAi-9CXgrU.jpg,0
yb7ESpoA8cU.jpg,8
Zgo1nyQXWvw.jpg,8
mypbVCx-6vs.jpg,7
zPEVqWcC4f8.jpg,7
ngMwK3xf6uc.jpg,1
GzEDwR-zEr8.jpg,4
cLDgJigdpBU.jpg,1
a-YlgPdq-1Q.jpg,8
dDm8iK13DZU.jpg,6
O-NY3rwQMbI.jpg,3
ksHaOU7Kt74.jpg,0
Z6RywLmpj3w.jpg,8
ttgmGCJWmiY.jpg,8
V5pYDj1ws64.jpg,7
7T2pjvK_SDI.jpg,0
IxzFGfQncUQ.jpg,8
k9rwYsto_ms.jpg,2
2ISlxPR70oo.jpg,4
tzxhMqMSQJg.jpg,7
TR8FFsVsvT8.jpg,8
P_neVN0s6pE.jpg,7
NlKkIA5lW-Q.jpg,3
_HcznRJDocE.jpg,0
ziFWAwQLxGw.jpg,1
NPoZRm8e3dI.jpg,7
oTC-PkeNufw.jpg,4
R1s7r_6RCrQ.jpg,5
bHz1JJPk7_k.jpg,8
YKKSLVcdxhE.jpg,0
H6iGLlptPpw.jpg,4
bxiOExMMsQQ.jpg,0
5DK0SPq4zRw.jpg,3
wLyJPvoJWIU.jpg,7
gIiIoXT5trs.jpg,1
O6OB9Qus36E.jpg,4
S7h1GJ6Zuvk.jpg,4
fGAzVQjMjOE.jpg,3
pS06Oax2Jas.jpg,2
_62dpW9KiGA.jpg,7
9fKcl3kItng.jpg,7
1mzthKeD1U8.jpg,0
vUiEWM3ucrA.jpg,8
OBQ9cBGbIbY.jpg,8
GoK3GgqS9Ms.jpg,4
xYf0qQkrp3I.jpg,4
4kcgrmnNh4Q.jpg,7
s72kuSgkjrg.jpg,8
hh2IkTHssl8.jpg,1
f-v8EE_nJ0g.jpg,3
r9CQ26NS3w4.jpg,4
PMwVami-2Gc.jpg,4
v8DBDvU4v4Q.jpg,5
QCbu8iJNT_o.jpg,7
62cY4Ow_qRk.jpg,4
oxkML7cWV2I.jpg,0
RmKY4KrcNT8.jpg,0
WAMFBc1UK0Y.jpg,8
P8v5iNe7LoA.jpg,0
p03HdC8aa9w.jpg,1
yONXswsLjCY.jpg,0
wYUYNLAJSbY.jpg,1
j9bHPb0tlJo.jpg,1
sQ3He4AfIkc.jpg,1
vORwmKzL5hQ.jpg,7
N927v_gij30.jpg,0
c-qqwOWOg9g.jpg,8
6U4zA6oe-Co.jpg,1
6Xi5e8lpOyo.jpg,4
XoPd9nI5e84.jpg,7
9dGjCGTuhls.jpg,8
f9fvqP29XbQ.jpg,7
KYOxZlAJ5bQ.jpg,2
Wt-5MWGCnJs.jpg,2
SY1mYecxi1A.jpg,1
uTuMzurqMME.jpg,1
HsY1SX7omSU.jpg,0
OSG8PK1aaKA.jpg,8
Arg2tmo5ja0.jpg,1
WLKeuty3tvU.jpg,0
hX78iKdROO8.jpg,7
Ue_N-fBG9g8.jpg,4
EjhY-9GfWuo.jpg,1
b2F8wBaFYm8.jpg,7
Shee7Y7V4b0.jpg,1
gLA_jR2Qgto.jpg,8
cfgbKuhqje0.jpg,0
4JAtNkeh6kE.jpg,1
7VPx2aCZFlo.jpg,7
GSODQlyKFSo.jpg,8
vv5mIbwBhKg.jpg,2
hi9kU-zatf0.jpg,4
4KZ_bBwg0iA.jpg,7
L-M-drxABR8.jpg,0
PudAMAMBp9w.jpg,0
Qt1rMha-9sA.jpg,0
pWpBG91a6Yo.jpg,3
hEo5d6RZtLc.jpg,0
6H-kftTwyk4.jpg,8
8ipzwxXjAcA.jpg,1
-CNp8hYVIyo.jpg,0
rtvcC7-jt4g.jpg,8
4Ygmiqt32oM.jpg,7
q1bjAcImYd8.jpg,0
xAO9GKiKI08.jpg,4
IULSU-yGT2Q.jpg,0
k3pmiAYwBBs.jpg,8
Fm5BUiNMWSU.jpg,8
-PV5_i_lVmE.jpg,4
joC-1ozWn4g.jpg,8
w-F95h68l28.jpg,0
jigHmoPcAlI.jpg,4
1_vH5Ucxmfs.jpg,0
pSWBoT47RRU.jpg,0
Yzs5XvtSBe0.jpg,4
lJDwtwHz-mY.jpg,8
deC_kKi3jVE.jpg,7
_sKx3r8clbo.jpg,0
lAMofPlgUAM.jpg,2
sp5CpRQo8Pw.jpg,8
rRwAFsYXP_M.jpg,1
hriYBkaBf6s.jpg,4
nmUROqCb1eA.jpg,7
z2bCT-I3QWs.jpg,4
-m4_BxX73qY.jpg,7
ALf7wbf9ZOU.jpg,7
VhMw3FMJZt0.jpg,8
3RNCUZxkeOc.jpg,0
VAf4Zzn-cBU.jpg,7
PhbkIxXk2gA.jpg,0
fBg1h-rnpIw.jpg,3
-9hDaG3nJwg.jpg,0
vTAuqtalEcw.jpg,0
d1SaINo9yds.jpg,8
RoLBag1rh6A.jpg,0
95cPfaGvGdI.jpg,7
lpeANkYcvbY.jpg,7
Al0X79cbxjg.jpg,7
WcB-n46QVy8.jpg,1
sxGHX6wwSwk.jpg,8
vdrDeuqIL7Y.jpg,3
KtyE8CJUnqA.jpg,4
rptA_PprQ1E.jpg,4
zQHvQxP2gwk.jpg,4
-HqYdiz61kc.jpg,7
bFEeP4DrbLc.jpg,4
g29yBtikbgE.jpg,8
_P1SHYsPKxQ.jpg,0
q8QNFiwpdfc.jpg,7
CXINU6y15HA.jpg,3
UnbNT1sYtzc.jpg,3
Xe0-gR7QLzY.jpg,7
3tBQF8hBf_g.jpg,3
dhufs1YJiKg.jpg,8
x-TdOTakacE.jpg,1
8SvNoyLQAAo.jpg,3
7N83WgMhGFg.jpg,7
6pj2j4_WAs4.jpg,0
CNk5yrXRyD8.jpg,7
TeWekX9VORg.jpg,0
zm9bnCSLiuk.jpg,1
sZYvmGOASc4.jpg,7
lw16DeB6zns.jpg,4
j3YqeT1NXzE.jpg,0
y0HdMaJy2qU.jpg,8
ofAlWngDmpE.jpg,7
wKOEMeOz9kI.jpg,0
EbS8w9uznRw.jpg,3
dmWgkcXnp3s.jpg,8
NkyPghe6xCI.jpg,3
w46jhpYGeKc.jpg,2
uqr0dyU5Y38.jpg,5
1IsOL4lFIUI.jpg,3
ItbHw7WWijI.jpg,7
gQ3neTh_28U.jpg,2
bfd-fBTCFuI.jpg,7
xmVj8aDf6C8.jpg,0
bSgcPeiGSeI.jpg,7
7QKr1oy4Ykc.jpg,4
NkXFr8d3TFA.jpg,0
FjOoUAucp5Q.jpg,0
yJLjLxnvD7k.jpg,1
DbaiiUWxSrc.jpg,4
ZFTiAT3Bqo0.jpg,8
S6tW0po5cd0.jpg,8
mz--oifhkeI.jpg,8
mOoB0PjAdJE.jpg,7
aTJM2CsF49s.jpg,1
A5fwoL64Rsk.jpg,7
DxfXxAfK3Sw.jpg,0
qgz0D4nmzCk.jpg,7
wAPoZqC0sZ8.jpg,3
_8c8Vj_UROE.jpg,3
KUwlIGAdyfU.jpg,7
WqTpNzwIb50.jpg,4
a5kqCTEuWfU.jpg,8
_Nsz8x1QDX0.jpg,8
_rBA8_IU3dc.jpg,0
W_RKH8DOuWM.jpg,1
f5nrMe9Icak.jpg,8
aPA4fmdjo68.jpg,4
YCttXNa4Vtk.jpg,1
iBcQxpyi1ms.jpg,1
HfM_jRg_4rU.jpg,4
Fmokc58ri-o.jpg,0
Ca4xzCaIuTk.jpg,4
gGE8DnvlaEs.jpg,3
hY9-_1fDu6c.jpg,4
EUghXA3e1ps.jpg,0
yRG7pwa-OEg.jpg,0
T_jNu2qUSMs.jpg,1
LJe5BW5GL74.jpg,0
gO210j8NUtQ.jpg,7
_iwYr_FG9f8.jpg,0
EW7mPiM8QVA.jpg,7
tNFG5RqMwJI.jpg,0
JO-aTkrF9fA.jpg,8
C92A_wlcZTk.jpg,2
hTEgizPaodA.jpg,1
_-_NfNLLPUY.jpg,0
3puAu_9P0eM.jpg,7
QDbfjxyLXKE.jpg,1
fVpdPTTgGKo.jpg,0
gqElSdaKQTM.jpg,7
SrZAMIgeDZ8.jpg,4
Br_xJrO8ZOg.jpg,3
nwCLiX26A7Y.jpg,3
l_4wqkc2Aas.jpg,8
jlbhY9obz8Y.jpg,4
nO263rVKTNc.jpg,4
MOXcQotyTHM.jpg,7
0P1BkPGY_LE.jpg,7
tn8mZja_8BY.jpg,3
slnStDDyUQs.jpg,8
7D4XwWBi3qw.jpg,7
Ii8TOPWoE8E.jpg,7
rH5wyZIEPaE.jpg,1
2KKLSVvdAu4.jpg,0
7b7gRb_CExc.jpg,6
WE5NYL6Vxc0.jpg,2
NzyCOg9yKOg.jpg,2
cv0FazANxAs.jpg,3
g4YVl7iyPP8.jpg,4
wcFgxmfac4E.jpg,4
LBoNmEjGqYk.jpg,5
gfHIx4NsKxU.jpg,1
HGkmphpe8uM.jpg,7
LW2x1fz8FDU.jpg,0
kIFShjIYfuM.jpg,7
zshuDOe5JYg.jpg,2
1wXQDBV0nPA.jpg,1
4JyhBkXMymo.jpg,8
rS_QqH2KwHc.jpg,0
ig-D_ojEzAc.jpg,2
OOtXYClaig4.jpg,2
9RSxZh6d2mQ.jpg,7
656Z4AG4FMg.jpg,4
cZRQNwkBbkM.jpg,1
YY8i8IHI9VA.jpg,4
C6VEIWykx0I.jpg,7
6refuE2GuO4.jpg,1
saQomrZdZ8w.jpg,1
pbIW5irIweY.jpg,8
STg0TVZXS7g.jpg,4
IavR6CqZpPQ.jpg,0
zp4ou1uooHI.jpg,5
CSzzvrt_5tM.jpg,0
Mxw5bLTK5pk.jpg,0
kXmMb4H4UUg.jpg,4
MaXpIhc3bDE.jpg,0
OuEhetTxH6c.jpg,0
OJUpdWsuuo0.jpg,0
Y45TCqxga34.jpg,0
UYSoVZtS_Ns.jpg,0
en0xYIxPSuA.jpg,8
5PzhnVq0heY.jpg,4
9x-dH4FrWwM.jpg,8
sktbPxj4Uxw.jpg,8
qcFu5fAiYcQ.jpg,8
rqZZTMo0ROQ.jpg,2
OsgTMyIGVeo.jpg,3
BYou-_SdroY.jpg,8
A0w2HVGHH7Q.jpg,0
lXxABQpAEIc.jpg,8
Fmkdv1VjvrQ.jpg,4
x9rCuZfyZOM.jpg,7
QHwa6mbOEkE.jpg,6
UtPSGNu07dU.jpg,1
eJukunJZDU8.jpg,0
DM0h3NP1FZk.jpg,7
z1Y3EBAexow.jpg,2
lvm-Tc-l6xY.jpg,0
JfCJfOmp_eA.jpg,0
bif3eGTrXNM.jpg,7
sQQOsb5O5D0.jpg,7
ZEKmjwdQjBc.jpg,2
okgXJ5FJlxs.jpg,4
WqNI_tnwK1I.jpg,3
ovji27fI5Mw.jpg,8
FvbS69_O6_M.jpg,0
mBfySA46FJg.jpg,4
41tjmJkpIrU.jpg,8
f-l-2f41B7U.jpg,4
GdxiOBvyDZE.jpg,8
s0gjaYO4Oc0.jpg,8
yB-iDXPVR9k.jpg,3
w9KAuG0lehI.jpg,0
zlRyVK7xjG4.jpg,8
P-H1PuDNSFY.jpg,8
3tfzRlSAY1Q.jpg,1
TaT7wKkw5qs.jpg,0
rbvXpMfZl2I.jpg,8
rBQ5qjZl6wc.jpg,8
qre07PCg_W0.jpg,1
xrKtvEh2wO8.jpg,0
AzBBjBanvF8.jpg,7
sTUJYwhFanA.jpg,0
uT78yhmt0xY.jpg,1
4XdkQzkWRR4.jpg,4
wVmuMBks7Uw.jpg,4
PvvHNGongz0.jpg,4
Bh56fa71kZQ.jpg,4
1Es0kYdryIo.jpg,8
7EJxqEfLa-A.jpg,1
w36y7BbxIXw.jpg,2
8E6UFbyjzBY.jpg,4
rLtKKrgBLZs.jpg,7
C2Ic0QDQ1ug.jpg,7
XjEM2otWtCE.jpg,7
AHzUp3wF1Gw.jpg,2
BKUAS90sXA4.jpg,4
Vre8NTDyDgk.jpg,7
MY3ALm2maZw.jpg,4
xp7F-KgRmKo.jpg,7
rZRqkLDUJMo.jpg,3
KFCD-SAdPUc.jpg,7
Vak8kuYmxig.jpg,4
LxTjHA5nlCQ.jpg,8
GqDVqfB5QrM.jpg,1
n4DJD2NH7ns.jpg,7
MlQ6hhZxYz4.jpg,4
HEIN9hrUUSI.jpg,5
X_iHjyaDflk.jpg,0
qg7B8XKrb_Q.jpg,3
jQUxYiSOtAQ.jpg,8
ufPiGudO8eM.jpg,3
bf3HS_ayAQw.jpg,4
mhco4-cN3QA.jpg,4
vw1beH35Mx0.jpg,0
GrE0O8160vQ.jpg,4
i8UGkihV58s.jpg,8
Uyh3jxmgrRE.jpg,0
SjmXYUHEoQU.jpg,8
9Mtu9Qfs84A.jpg,4
S5eDo-dHntQ.jpg,4
AaQKTxGYi2k.jpg,8
ThY66jHY-uI.jpg,8
cLcBKjbO40Q.jpg,8
MXCU15B3TMo.jpg,8
mAX9s8aeDFM.jpg,3
nWub1_961b0.jpg,3
bPxBe2fg35g.jpg,7
ILZ4l2JNCxE.jpg,7
pcMtoLkyq_A.jpg,4
8nEEp3bXVbE.jpg,7
6ebDnCcjijM.jpg,4
4LEMalbsui0.jpg,4
eyJHphFofjI.jpg,3
oiTJnGS0yrY.jpg,1
8FFY1EsnejA.jpg,3
mug2fzFkNfY.jpg,0
dRRAw5CLvc8.jpg,0
fUO2fRfRg2A.jpg,4
WxOPhFhyx-U.jpg,1
Vg3uJqBrs6w.jpg,8
Lx4vQQyLmxE.jpg,1
ZvxHyYZzNqE.jpg,8
kp6yim5sllk.jpg,8
lQWc-_bBWQc.jpg,4
zOaQAM1VphE.jpg,1
HzVwdTVhrEc.jpg,0
_m4bsvYdwns.jpg,8
R92VbLZ4DkI.jpg,1
rF32p4fgzgI.jpg,8
gbXewl0ip0g.jpg,5
qbSXdGWTGBM.jpg,4
NBn9kQUt1Pk.jpg,7
dtE3IojsCQ8.jpg,1
K-oKuebOakM.jpg,4
p2NTq4nx4s8.jpg,3
CP6XU_Hymbo.jpg,8
uXpb9greH74.jpg,0
_j5ARNXzECY.jpg,0
qdw-RpmOO34.jpg,7
mUWhXIh5xHU.jpg,6
0NNToG_7RWY.jpg,7
cX-j7dzX8Qo.jpg,8
VoBRBtMyulw.jpg,0
5Lw_U1JAGno.jpg,0
VuzN1TBsJz8.jpg,7
TFwLNJXr3Qw.jpg,0
l9UlnZaDsvI.jpg,8
aT6vT_5bXnY.jpg,1
yEWMbejOwsQ.jpg,0
8FfwWL4nkO4.jpg,2
tuz9L1hgO04.jpg,0
8qCqpy2emLk.jpg,8
F3JzE5Yp_wU.jpg,0
_bZPwNn6qe8.jpg,0
AQTOjytfu-s.jpg,2
KdiiRTU4Eqo.jpg,0
lEYlJrg4HUc.jpg,0
svUtPTSZhxo.jpg,8
r_RcA0UOo0w.jpg,7
Vl_O7h4apVc.jpg,0
NnaW8-F3VwM.jpg,7
pH1DlVwijT0.jpg,7
7NylnDrB5SU.jpg,7
l0ax7uKaDh0.jpg,0
aRQiIO_NSPI.jpg,7
_uoLzjMODws.jpg,1
aUlLf30avoQ.jpg,0
kgUAiUr2_MY.jpg,8
MmQI2kvsPsU.jpg,1
4aO12pXOdH0.jpg,2
sryYoYt6W8Q.jpg,0
lKh3kVzr1d0.jpg,3
USgI9idn0kU.jpg,0
Yt2t590RDlg.jpg,7
SEDnYrH_f9Y.jpg,8
yTJoJV5VulM.jpg,7
jeyDC8xrwt4.jpg,1
q-R2U7kZpvk.jpg,1
0hHCHPfM11g.jpg,7
N3XyFffjLoQ.jpg,2
zrV0FCbv0WM.jpg,7
V9VTB0TLMr8.jpg,4
LRI3bk9tYHE.jpg,8
QGk4HlxEUiQ.jpg,0
14aJzjoWpZU.jpg,1
26KfQBXGHjw.jpg,1
UyWE6y0ItUY.jpg,0
Nd7SFkREd8k.jpg,1
zq-W9pHRXjM.jpg,7
mtzp34Sr5pQ.jpg,1
2qqc_Mx3zuI.jpg,1
lmrf2EjUVa0.jpg,0
PlaMItN8aa0.jpg,3
AUs6aEaakl4.jpg,8
ji1j_pWB1eo.jpg,3
bKMT8uGQYs4.jpg,4
ySFUPoEadX8.jpg,8
YwLkZXeGCDI.jpg,1
B2KB93_8WlE.jpg,4
so_eRNjImxE.jpg,7
XKOs_p60BHs.jpg,1
ZzJmCEY8gjs.jpg,8
5cdW8xXU9ts.jpg,7
yTx5ZHw-Bgg.jpg,1
8cnvAxGqx-U.jpg,1
hqMU7Bs2BUY.jpg,7
I-SuzMJZSlA.jpg,0
zxwRkpBUczo.jpg,8
eUPnAZRzbGY.jpg,8
PEoOqLu-yBg.jpg,4
T1FOhA3lIoQ.jpg,1
oRWpkW_nwsQ.jpg,4
9xVyI9F6lK4.jpg,0
UhzUbWETeGY.jpg,8
QDMcVN2DQTY.jpg,1
o1QveClsSHc.jpg,3
v0NNI5wS_GM.jpg,4
BGujazrbsyw.jpg,3
0IyAFtDa1ls.jpg,8
lThVy8TD3yg.jpg,7
xWLlVyAxInc.jpg,7
_9OiqEBivOw.jpg,8
96marcNv9hM.jpg,2
2An3pAyDcbM.jpg,7
apt7VEaDjlQ.jpg,0
4DoAEVIEu_s.jpg,0
l8_mBkQAj0Y.jpg,1
4DbxJg7o_Qc.jpg,1
VdnOkhtY6_Q.jpg,8
Te1FNOb7o7s.jpg,1
kQz8xNJ_AZU.jpg,7
vlmJ7JPmiBY.jpg,0
gBNQaB5RN4s.jpg,7
t9Kk_obFRhI.jpg,0
O4Axx552n-U.jpg,0
-nSHPyaoE54.jpg,2
kRMi65Gm5n4.jpg,2
RgDVSX9-0E8.jpg,2
NJFFwTUjvFQ.jpg,4
8EsWbZAfgPI.jpg,4
E2uATy7iKkg.jpg,4
AwYfCWkt7mc.jpg,4
WVpXADmDQRk.jpg,0
i1UxFvFWHk8.jpg,3
YGg08OGcRUc.jpg,1
K46V127jtls.jpg,8
-ZbKRdpQpLg.jpg,7
gH2vbT19QYM.jpg,2
LLos4boMPdA.jpg,0
qS0Hg8q3T6k.jpg,2
jLeBpyjc_A8.jpg,4
apUdzXjp7SQ.jpg,0
AWIqYmJkncY.jpg,4
XH_Eou0mg5M.jpg,1
mDDmbmhgwO4.jpg,1
2EIDvLU6NZk.jpg,4
