Channel Id,Channel Name,Subscriber Count
UCWm__g4cPmX-umorqM8VfWw,Travel with Luke Damant,1620000.0
UCR-yUQRWEciSqQowtTDHskA,Learn with Daryll,5250.0
UCUB6A2YY9soreMGNwDLh-zw,Combat Arms Channel,589000.0
UCFvQ_bDaalb-1ZyCb48LCpA,Chasing Kimberly,16500.0
UCixD9UbKvDxzGNiPC_fgHyA,Paolo fromTOKYO,3620000.0
UC_hN8xs99S6jnMdYCuJgoJA,Pinoy Planet,97800.0
UCufN1_2lxrI_C5JgbfU89ew, üåªMia's Kitchenüåª,3480.0
UC-wdvwNBuVobJRbISwjA5Hw,Alex Oh Reacts,179000.0
UCi9mzS8H-ez_30w5SCL2dmw,JREKML,1210000.0
UChJZEuE4O45M6CbcYOS3U1w,Mike's Philippine Retirement,54200.0
UCPAz3hWHiBC-c1x4K0-atsg,Waleska Herrera,1230000.0
UCxKN5z9rc4DlZ-7gI7mHKFg,T HUBS 22,101000.0
UCVv-y0k91qAA-uI_K46UBvg,Dabble and Travel,583000.0
UCU78xbApo9_MCzS7B_tfY8w,AceBachelorCool,13700.0
UC25HBOBYfc-scqCQcyYKVNw,Lifey,248000.0
UCCqW89kkbLYRK912SLPsEmw,ANN FLORES,7610.0
UCp4-ksiKbZ3vTmv3gQ6tF8w,The Wimmas,5890.0
UCEOsP00dFUPSkLzEf12H3cA,T&A Travel Vlogs,3680.0
UC_2iPQwn_V2SflddzbtalLg,Celinka Updates,102000.0
UCSp8fcx6N6EqteugsAHD9Vw,The Manifested Family,53500.0
UCcaIZBgmiYTJP9fpO_xjMTQ,Travel Escapes,246000.0
UCP_y6xg3u3hF3pskXosMQyQ,Canadian In Philippines,17000.0
UClC88Hwf0c115jFj-fhVj2A,Kano Harry,3930.0
UCCgVh36x3hbuRnHMpwl443Q,Music Game News,1210000.0
UCYr4VTQfBpXrccQw_H2S8RA,JUICY REACTS,318000.0
UCqdBWKP4_8bU-Rsk2LvVz6Q,BecomingFilipino,1140000.0
UCO5Jeark1e_JP36mY3ua19g,The Commodity,98300.0
UCdkq517IaeUcnG5CIiFX9RA,Shin Smith,36200.0
UCzfEqx1_-zs2xUUzI3jVRSg,FinnSnow,541000.0
UCRe3yRMUuJkNeWLtO9kBGqg,Nurse Ruth Nook,8750.0
UCryJ4vhASeu7uhXRPOL3WhA,What's up Philippines,311000.0
UCobYD8WgP3GPOqgvXF2Yy1w,Adam and Jane's Lifestyle,75500.0
UCoqGJPtvsPpALlhtqB1lcHA,Chris Lewis,1260000.0
UCoWQLZoPwn3mJ-oiPrwDpbA,Living abroad,163000.0
UCLvnKTwSZEnCbTHNnqiivRQ,Dodo Explorers,188000.0
UC3PVtkwtqwCD4LEPguBEADA,Mia Sandoval,395000.0
UCAUgY9e_n2DhyZTgvPRoJnQ,TriFate Geo,171000.0
UCHza0GAxOvBOeLKkMeL8EcQ,Ken Abroad,510000.0
UCtNK-R1uX4hKBYU-GM54gHQ,JJ's Journey,12600.0
UCQzpQN0PTfIx1ARe7lL1jXQ,PhillyinthePhilippines,134000.0
UCpko_-a4wgz2u_DgDgd9fqA,BuzzFeedVideo,19800000.0
UCubXkxcrWFOKmdcmdqdFPew,The Skillful Voice,4200.0
UCeJ5AjddCuEnZxtUggbzeDA,Bags Packed Family,269000.0
UCQQyW9Ki62OmGzHedws7xlQ,Bianca & Beyond,142000.0
UCRbxApsHPfN2huG4Z6D0MeA,Dave Roams,53400.0
UCdBpCFv_RTOOBrImOlPT97g,RodVivKids Family Vlog Philippines üáµüá≠ ,9760.0
UCT99PQ5nkgshVaoBlU5jiKw,TEACHER PAUL REACTS (Teacher Paul),533000.0
UCATIycLIXMeetRVO-XS4p7g,Adventure Faktory,3780.0
UCPNBc7ZRwmgk1I6j_lenAfw,The Love Train Nation,23900.0
UC94bSvWltDS6I0U_u7mn8VQ,Two Broskis,24800.0
UCIgeYqubI5M8LoLCcZqwlpw,kelly,1460000.0
UCatYGXWCXRt_0XLLKv1hkUw,Always Be Changing,501000.0
UC8S3gQ0LjFLx4cFrzBXytrw,Go With Ali,1410000.0
UC3lpA2TVsu_2qKsPlw6FctQ,PAIR OF SOULS,5920.0
UCQYkvXhPNaRxlu-jAI5_5Zg,LeRoc Living Our Life Philippines,1240.0
UCt9BTGSxATM6axwfTY4KnEg,A Foreigner in the Philippines,265000.0
UCYuOZy_oPeZL_1BdHxf-Y2Q,One Down,69600.0
UCV7yw6i8SuLb_OSwgqCaipQ,The Sp8,2120.0
UC4ypznkS1QNOSTxLOScKG6A,Irene_Eneri,1850.0
UC6snmG1j-s6zzSc5i_L1hoA,Moto Touro,12600.0
UCVGxrPOe4sO05dsepa42l8w,Brad Newton - Fitness Street,27300.0
UCwLjaI2aS5HaM4sD5DjUBcg,lightKiraSS,1560.0
UCTL128JylZO50B0MqbUuhSw,EL's Planet,232000.0
UC7AB80x51RwhxZpJmIUQiZQ,SecretLifeofLauren,158000.0
UCAg6Uf85P2Ai1727r2KuA3g,Traveling Petite Girl,30600.0
UCzzjW8ls5mSsMoAwjy6bZ_A,ena francia,10500.0
UC4K-p09jBTGH-nvqj-UqELQ,Our Philippines' Adventures,5130.0
UCnSDZWM7akmbgbwdECSPpow,Before You Go,109000.0
UCKd9gq6eJCV7j5FO75q2_Fg,Frank,23800.0
UCVdvbdhaXo01c1G4mNp1RsQ,Be My Travel Muse,73800.0
UComAntq7Iq5SxYHUJuJ6ekg,BACKPAEGER ‡πÅ‡∏ö‡∏Å‡πÄ‡∏õ‡πâ‡πÄ‡∏Å‡∏≠‡∏£‡πå,1080000.0
UCtlyP_lWB9yXaSqGmUQYIJg,Milan&Weng&BabyPat,12000.0
UCvU278VonkFgEvpKqRuZs1Q,nazfromqueens,2700.0
UCuBgQMllxvxKLuABHZlV5KA,RELL üï∫üèΩ,446000.0
UCuBRi97Sn5MDEW0FnI2KDHQ,Alex Macale,420.0
UCbDelWG0lH_xzQjnH-bNB_w,josie lifts things,1080000.0
UCQKWCDl0BKMIAj-mrjLIySg,Sylvia Kim,492000.0
UCWqPRUsJlZaDp-PVbqEch9g,Smithsonian Channel,4260000.0
UCWjSwkIn2gGgETcZZYaO-6g,RETIRING IN PARADISE,17000.0
UCG57u0jfLpuPuCAHRUtTxdg,Blonde&Bass,113000.0
UCqCI4i-mZ4Cu6Kr8emMaf1A,RYU JAPAN,134000.0
UCFH-Qa1s6rQRTrQjFg8N84Q,BlueWorldTV,1230000.0
UCl4I_ztLWgW8ybm9M0n1pyg,Nic & Rei,14700.0
UCYY2mNcq7pv6IRW92JIT6DA,The Juicy Vlog,583000.0
UCbfLaTfmCeR2aykiRSGBbTQ,Katriinka,536000.0
UCeT1qAcQxLP6cEfbMe85QCQ,Yoshi the Japanese Guy,165000.0
UCYmFKw7swKPJiaMloRmptHw,WSJ Podcasts,142000.0
UCD58HBLhMozUsE6JwK3y10g,Bowzer‚Äôs reaction Pit,276000.0
UC8TejFCTSwkcpOubPVOcCaQ,Robbie Travels,3220.0
UCl7giZXLlLIAEKV-TVoBW7Q,tryNsomethingnew,1200000.0
UC6_2wj3vR_j5EiqB-hZ7BUA,Yad Ventures,85100.0
UCiEpme4y4_PQGsPZHA3gK5w,Hoda & Hossam Vlogs,2870.0
UCZJwBtVWmM0iWnagPnRX_rA,Praise On The Spot,2970.0
UCDSd4U2FQAB4XWgHMjoRrzg,All About Filipina Relationships,19700.0
UCXwnQuzCX18pb2Oq3EY7ovQ,At The Intersection,2110.0
UCv4DCWW6mt16kixPUSysKKQ,Uhwo - Acm,967.0
UCHeFV2atoLtgdKH4iu29orA,Delightful Travellers,164000.0
UCU1wi0E8d98o0KTaOGJbieg,Paddy Doyle,303000.0
UC8u9rhEMQ1dN4nUW9hLS21g,Province Smile,37900.0
UC_nGEYgqzTuyFbHCZELMC2w,Merryjuj,11400.0
UCkI3oDLbB2K0iQWXvPnKvmw,NOMAD FRANCE,5040.0
UCu69sXEA647BkACmLf1Zh7A,Lost Knox,9210.0
UCb8sNZ__4nIeXo7CLVIdsMw,Adam Tambakau,71900.0
UCAWiZqZlnpD50X_DNIgY2tg,thepottedoasis,1390.0
UClxWKvWC-xiJ9FlUkPn7xnw,Dinah Klein ,1480.0
UC1MNjDRpoEsl_tiogaRYt1A,The Philippines Project,6150.0
UCTPxMCyJyYGF6H0eBhOvgsA,Pinay mom's blogs,7390.0
UCjq1ddBxopU2uW7efYz5_9w,JND,129000.0
UCSvaH7DbguYJcp8PHTTv1Zw,Bigg World Cinema,34000.0
UCvG1JotA9_B1y8Mo5_ePOfw,Mike Still,359000.0
UCXV-Jt3UPJPstvLVx6A1Z7Q,Kristypata,328000.0
UC5jf0svsfoB3QE9jrxk7PdQ,Jack Shirley,4370.0
UChIGU8b4l5cj6i5D9REsqdg,YouTube Fanfest ,4880000.0
UCig5Kw1Z2cLtSv0D-Fu8I8g,Starone TV,3340.0
UCpcVjkwSeZG6GJvLsIxK5Yw,Sol & Luna,88000.0
UC1SPkZIRegQ1uk48qoPLz5Q,UcieczkaDoRaju,190000.0
UCf8njWwyxdHr0q9Fg8mFmRQ,JoshuaSalom,1050000.0
UCqNZ2sjaVxkaZ7GlAyaKlXQ,Nomac Uncut,136000.0
UCZfYUKBwN396zj6I3DA2k0A,TripTips Podcast,59800.0
UC1LlKAwycO8TjYKJIQo2QZA,Allen Relevo,1980.0
UCCRUTTLI1JDmLBkTBf8ekCg,Fog TV Ìè¨Í∑∏Ìã∞ÎπÑ,59400.0
UC34uT3C8-_AyHTLnZxdzIuw,Ingrid in Bosnia,81700.0
UCilyWAYEBfQTJ9DhuVsh_NA,Pinoy Proud and Pride,1250.0
UCLNoXf8gq6vhwsrYp-l0J-Q,Xiaomanyc Â∞èÈ©¨Âú®Á∫ΩÁ∫¶,6770000.0
UC4Sd8qBTVn8zoP9bd6isPDQ,Traveling Solo Logs,116000.0
UCmw9oO138A4WRUbOZyUGhHA,The Hungry Syrian Family,1440000.0
UCjpmc-iZPgIlu-MIurDRlYA,Cebu Women Official,15000.0
UCzqbfYjQmf9nLQPMxVgPhiA,emmymade,3100000.0
UCUI4T7riAxLPSV4htxMFLqw,Robyn Kimberly,135000.0
UCW0ulUd4BZY4k_vHqLFWTuw,Mariah and Bill,5210000.0
UCCSqnDlJAdeJkVvJtOE6cVQ,Baybayin Spirit with Nonna: Stories & Culture,1400.0
UCgYGSGVlws9VF1Z1u4rNPaw,Mantas Griƒçƒónas,462.0
UCTSoA4nbjpOeoWQ_ClHsHSQ,BryanDiscoversWorld,47000.0
UC6WCc8tJw_9zU9HZ9mNpmBw,Richards Infinity,70000.0
UCEk1OaMTpc0qq1WyDRQFhQw,We Keep Coming Back,522.0
UCfNyiuA08MVpit8dsdZhxQw,Mica & Jasmine- Happy life of OFWs in Japan,5670.0
UC1712XEXMIRQW1-spPVK0Ng,Travis Kraft,597000.0
UCu2VsQol474IboUn1DHIoqA,TK Top Travel,53200.0
UCCz0biXWeNqw1zkVLs_I40A,Foodie Legends,2140.0
UC5D3ztXVDZOUB8Gp7XPsuPA,Dennis Asuncion,44.0
UCLmnb38gWWR2E9h6hP4nBUA,Mithilesh Backpacker,1090000.0
UC2-_WWPT_124iN6jiym4fOw,Asian Boss,3840000.0
UCBhnGs1nD_ixIGWkJUYkfRQ,Building the Philippines with Wilma & Greg,14200.0
UC_kaCfiQ_WIpXPuP-KWLYCg,Davidecult Tv ,293000.0
UCzjxQJtI4GqGaBwFagqv1AQ,Shev and Dev,560000.0
UCxBWeubuZrc8sQE_bXytgUQ,Justin & Alina,138000.0
UCmJLkX-7JLWZAf3o2In6Srg,Meet Jacky,79400.0
UC40tCi6qlNr-WS37JQSrSUQ,Travelwithchris,695000.0
UCuVIXN1cZ0npFwHp2-SxDSg,JP & Julia,304000.0
UColnnUYyz7CWjhzpF1kASnw,NOW UNITED,7970000.0
UCleKsM8arVjfE1GIaklqGRw,Look Who's Blogging,101000.0
UCRrUJKpFAGgA9WVjSWhgk2Q,KIM n LEE,95200.0
UCFjh6CdEwrQrKf4o9QUnoEA,ONE FILIPINO TV,145000.0
UC211QaCtk9p37_-cvtN3kxg,BINI JOSIE'S VLOGS: HEART OF PINOY IN SOUTH AFRICA,16800.0
UCWk9ho4wXA43KZvxE58WSXg,Steven Banamu,14500.0
UCMWTQE8CQv5outBblPqa8tg,Gli and Erik,2660.0
UCcyq283he07B7_KUX07mmtA,Business Insider,10100000.0
UCwmjQLxUeYS2qxpNH8cF0Rw,BossD3nnis,15000.0
UC5NofLGyaa9Q6PHsxSgXM0Q,Lloyd & Mandy,120000.0
UCZMJJkKeGhl9GYAyc0PIZdA,Eviang sa Singapore,6850.0
UC28nfCZu-9_0rZeX1neNGZw,Ayoub Ennassila,1600.0
UCkS6mJ0i2oMdHEdR-Jpw9Ug,hyuneeEats,1670000.0
UC27I_uPS3_YQ388Oca4o_PQ,Fatih Yayla,93000.0
UC1FVueCEU5ORLkWyRpEN0dQ,Visual_mode,5010.0
UCpTCjuNOcqSyjvmu1sEES4w,The Stepanov Family,33900.0
UCRnUerHPnis0OpBMZzIJCbg,Pipe Vlogs,203000.0
UCwtnkRZcvL4bfopzJ-Von8Q,merrelltwins,6220000.0
UCKLlmM881k4QZN-iUAFIQfw,Susie in the Philippines,128000.0
UCP1TtgcChvhLL5aqxe45CPQ,Fun And Talk,4460.0
UC6tTTsFKifxEhOIMI2HtLeQ,Jelena Kopilec,173000.0
UC7EQzceJQbnNNOwLfFc-WhA,TheHervism commecicommeca,304.0
UCmUaeYKjQ7n0aMa1KjDHlQg,Travel Chronicles,35000.0
UC1lSkVg0HUiMxW3l-WRICGw,Pietro Boselli,900000.0
UChb9JivvMmUqmD9QSUQUIJA,Try La!,452.0
UCNZyLULUQBp5e9Q1cKtvk6Q,CBS New York,1130000.0
UC9jKcnqQ1TziJRAkSXbNISA,Happiness Crossing,106000.0
UCRzBNJTsBe2rq6pkyXeaj1A,TriFate Lifestyle,161000.0
UCBINYCmwE29fBXCpUI8DgTA,MostAmazingTop10,7770000.0
UCn4HljYMUfp26ylZ8w5dttg,Travel n'2,7000.0
UCa4FKY8frKf-1dfGQQiqJ8Q,True Food Eats,20800.0
UC9DwgmJc-uKnxGavukOy_6w,Aaron Around,9540.0
UCfot-hD35IfUqXC9JXcVatg,Island Life,63400.0
UCZ1OXjyMDPokR8xOJqCv05g,Matt and Danielle | CouplesQuest_,21100.0
UCV3Nm3T-XAgVhKH9jT0ViRg,AJ+,2350000.0
UCqlthGjbLIci7i3x2gk8P4Q,Nadir On The Go,539000.0
UCzuqE7-t13O4NIDYJfakrhw,Democracy Now!,2930000.0
UC81LFswmKyrfySyFru_CWIQ,Captain Airplane,125000.0
UC3vKq6F593xdQw-uynYD2eA,Î•òÎòê Belet,25600.0
UCAqEoRfgMCtErK0qsL1cCtw,BuzzFeed UK,461000.0
UCgFP46yVT-GG4o1TgXn-04Q,China Uncensored,2130000.0
UC4S7Ca53tVPuNQhAJKxzlzw,FINIX,202000.0
UCNMCLJlFSqiUb1EnXII3zhQ,Harees Ameerali - Royal Sky Holidays,986000.0
UCltSy4R9FvrFsVleCLjyr2g,wonder zone,184.0
UCHEf6T_gVq4tlW5i91ESiWg,People Vs Food,12600000.0
UCJogODH1hfW7L7PxiWRiTJw,NBC Palm Springs,5620.0
UCTfHKQ9fbUEiStUAQEax7dw,,
UC8qBrdamqYihT_xWo-zyo-A,Emirates Loves Philippines,17400.0
UCdJAmuo-KkgcJvSoQjPxAWg,Ash and Kels,32200.0
UCKMU-I4eYw-D9QF1YdUMUlw,Calvin Castiel,207000.0
UCL9u5oNnY_pRyzt-UaP5JuQ,Jackie Nolan,16200.0
UCRzPUBhXUZHclB7B5bURFXw,Eater,3860000.0
UC5DAs9Xn2fCnn37tTOUAClQ,Life In Abroad Vlog,516.0
UCaLfMkkHhSA_LaCta0BzyhQ,Munchies,5320000.0
UC9HiNy95qeyWUarzHO9sk8A,Great Life,1150.0
UCu56J-caWbTVL_b_3E-Q3cQ,PH Rider Dave,134.0
UCe3PDv7F4Uex3ii9zdMbvWQ,LifeBeyondTheSea - Philippines Podcast,133000.0
UCnHKzekTY6npfEYHPRz5bJQ,Recipes by Nora,12600.0
UC7yK84cgpIy9iRjk1uoM8WA,PINAY AFAM TVüá¶üá∫,5770.0
UC5srj0Tgfq-FuFyk9HFl0Rw,GoldenTV Network,261000.0
UCsfUASBEZR8ABdma0ee8Zbg,Jay Cee Max,49700.0
UCbPHHOiOY_tA9BSytK0jDYw,Beryl Shereshewsky,859000.0
UCuz8KBA9YP2JpaHorBVTp7Q,The Bailey Squad,12700.0
UCSjiVW9NV-mcJJ1t6RbMh7A,Down Under Visa,2650.0
UCmeJjgzpnN4OIZg4a9JJo1w,La Ferpection,20600.0
UCEjpHDkceZ2lYjnI54t9fmg,Amboy Sa Pinas,10100.0
UCaNjRBHCKnvqWKM22wg0ItA,It‚Äôs Me,78100.0
UCiXAAaqS9py7TzHzQ9A5Ftg,Trending Ni Andres,128000.0
UCqz1WM1LPEP_nkMMYeEyBVQ,We Wander,35000.0
UChSsQPO1BNzgvup-VcmUeow,Brandon and Wila,7990.0
UC8lVqk3EQ1wiUeyOMD24N7g,otakoyakisoba,776000.0
UCV2Ge_U5k5tSxmCFt4DjvxA,ROYAL TEHILLAH TV REACTS,123000.0
UCo57S0HBediNd47Ew5ezkzw,Craig in Asia,8840.0
UCy9L3Ym1fZqmdaToxy9HsbQ,Nellyslife,145000.0
UCe5wLGScEw2VUiDP-zdBzpw,Joint Base Podcast,15100.0
UCO-BUJCM03NS-rwr1VonV4A,Divert Living,315000.0
UCMHRM06tR8Sa-Hj3yT_k8fQ,Roc√≠o RC Col√≥n,197000.0
UCmA6EnjVC-jnOgkWiM80P8w,GerMotion,355.0
UCyV4yaPg3P2UMzFLo29tjsQ,Lucia Sinatra,105000.0
UCaAjLj9oGV6VKMYq8FxEwdQ,DORCAS Morounmubo,78500.0
UCHKoUFkbdX2LnWXGcbkC3jA,drew Nation,214000.0
UCMY6vXA3cYbUuSf4zYmTwIQ,BookwormHead,2850.0
UClMlXTxpTNMZRE4AEjlc5RA,Gio in the Philippines,76300.0
UCBQjTfMEcxMlI49KCQAHwYQ,2Passports 1Dream,234000.0
UCV34zLTn4A60jS8RTI96_sw,The Black Filipino TV,80200.0
UCOqlhTOx-5tdP0Krafwz_Zg,Ana G Navabi,10800.0
UCCb-6a1Fakv4QzwC2c-3vAg,Pinoy Luka,89000.0
UC-RAAkufDt0YRpqA3tYifyw,LZ,7530.0
UCz908wM1diz61piCNbQprJw,Yuujou,1360.0
UCjhsXdie9x6uzw9ARmF4nNA,Aurora's Vlog,13300.0
UCXisjO3r0KC_Vh-PWwPTbBA,MontWRLD,114000.0
UCuyMhLIzWRBnJ6dNdPXfXMQ,Travel With Mansoureh,57700.0
UCRkBBXlng9x1PBS4bZs9oZg,ÎãàÌõÑNihoo,701000.0
UCIk6DASPsMiUXnU6Y1Lz8Ww,We Vybz Tv,116000.0
UCIpnQnRBlaNqDa-Di0DsHyw,Tengkers World [PHIL-KOR Family],202000.0
UC2dqBC-sMDS2d6RYlcihEmw,Almost Polyglot,757.0
UCxSJTo4uztbhXxNr0DhkFsA,FMA Discussion,4240.0
UCcCzf_nAGW4q1aiTlLLIWFA,JEORELLA,866000.0
UCAkLcdOFbDWf-zzPVDu7MTQ,Blekxy,4160.0
UCSqcvKFWQhhQOiK4jxyEElQ,Bret Maverick,401000.0
UC5NF_7WBa8OVDC0Xbs8yvOg,Japapino World „Ç∏„É£„Éë„Éî„Éº„Éé,174000.0
UCW9ip0HhnzbvyFZgKKTFPLg,Luckas Kim,4010.0
UC3ZnKcjVu7GszgdBe4uRZ3A,Dwaine Woolley,1390000.0
UCRNHIq5_JclKEK4Gbx1UFDw,ÌïúÏù∏ÌÉÄÏö¥Î¶¨Ï°∞Ìä∏ Ìò∏ÌÖî&ÌíÄÎπåÎùº,245000.0
UCguRKiLcbY9yIG9fxmd9BuQ,Nicole and Mico,82000.0
UCUGW2ubpsY5SDrGHfauQpWw,"ÏÑ†, Î∞îÏù¥ÎçîÏõ®Ïù¥ / Seon, by the way",13400.0
UCHgKHbSc87ES-H_xLlh6j9A,Philippine Women,21300.0
UCiNCvGzwadWCZIzTUjoApRQ,Daniel Marsh,466000.0
UC3V5_2DFqamGSrzYPg-Wggw,Hey Joe,615.0
UCaJYATsZxIJuJfLmCo4aj6Q,Jaycation,146000.0
UCOsve8EeUntXzOyeGRUc3OA,Jumping Places,451000.0
UC9_UZopES8WMsYnmYXBhi9w,DADDI DEWDS TV,47700.0
UC-1ZY8bY46rX3ySgG3Qyn3g,Dany Dev,428000.0
UCM_LbQqMyM08jynil9vYEGg,Travel Interesante - G√∂k√ße & Steve,17700.0
UCEOV7DU1UfzH05r3KBq0OaQ,Jared Hartmann,118000.0
UCDikY0fBFXGCFA_0Fr2azYg,Asians Down Under,413000.0
UCONm3i2-__08mS14cU0rHPg,Livin La Vida Tagalog,58900.0
UCoYVSCQ0BlM6s33p41gYjRA,Rubeauti,97600.0
UCfB2E_culXfbKpxr7KqzV3Q,ashleybchoi,287000.0
UC2YJzGqpVcaRapIr5XpdLQQ,ImFrancis ,55100.0
UCarSZcFQ6-0eqZrAG4pKoMA,Island Hopper TV,458000.0
UC5wQUM_uqQ6bo6zxvEG6QJw,Proudly Nomadic,12000.0
UCtFLH4pA8J-a7JVSLoLbXUQ,Top 10 Daily,32800.0
UCoRFqiHx5lWraQ_iAp4si8w,TansDipas,116.0
UCXOKEdfOFxsHO_-Su3K8SHg,Strictly Dumpling,4300000.0
UCoQWcwy-nYVG6Er9VxyxJJA,Avelovinit,364000.0
UCoS-mm5bC5eY07AaKntKzgw,Human Rights Watch,150000.0
UC3nLUBlY5ySiKzD0uzInY5Q,Pinoy In Kimchiland,5740.0
UCLPLXSPgySkBypwpi6BrMwg,Jessica Lee,1680000.0
UC24QUYgHDRVPq-CqzDAXDcQ,Rob Wanders,23700.0
UCWFMGU8jwnfnkHOtWgCUmKA,Backpacking Gals,19800.0
UCi62o_vqzI3hxMS-eDeAvYQ,Geneeva Villamor,3390.0
UCQS0AOpAZ8RADaOwmP780-A,,
UCia6oQqdV5kXk7aXf3gJsYw,0ne lucas live br,249.0
UCwjWUUCiv_TPoErI9AZv6Lg,BEYONDLOCALGODDESSES,340000.0
UCAxCIp9ngVqLFSDtX5o4LXw,"CebuWomen,com",20900.0
UC27C_HWo-UmKkdWGsRJZ8EA,Pailin's Kitchen,2190000.0
UCpL_tis0ertYh2DSOiCm51g,World Nomac,751000.0
UCVWSmD7gyvZv7fpcgF-oiCQ,Mirco Tere & Bella,165000.0
UCAcSgnjSPBOhwrydN-9K9-A,Cheche,2140.0
UCaCIo59HNLEOnVZflHT7Vgg,Jaey M. Daquiado,3640.0
UCwD4x63A9KC7Si2RuSfg-SA,Lucas and Marcus,37100000.0
UCt9CPuWfS9HgRZmSYpGPFaw,SUCCESS Vlogs,53600.0
UCrrc2wG-F1mPuah_Lb7FJvg,ÏºàÎ¶¨Î≤®Ïä§Kellybells,3400.0
UCIPigoUn9DZl6XSuBxoydQg,Philip Lemoine,244000.0
UCCzlGcbJPmXwvPKHbV8BOuQ,Panku world,48300.0
UCbRaUB7Hfe3clmKqqj8Nm1Q,laoshu505000,1230000.0
UCgUrDLbtys0JVUyGX2yPE2g,WebDominatorSEO,678.0
UCvOxZARbKQLR4WB59oyq45g,PURPLE TWINS,89700.0
UCUk8aRBVog6G9ipBSN_Ow1g,biggy travels,54800.0
UCyEd6QBSgat5kkC6svyjudA,Mark Wiens,11400000.0
UC8w6rSJhWmzLMBtL0daNkPw,FLYING THE WORLD,661000.0
UC8hiiGm6GTyTVvO-LtZ2Xmw,FoodieMommaPH,41100.0
UCArVi6FH57DfXJWn1Gc8iAQ,Pero Like,1310000.0
UC0X6Tph57MzOXAcfWiXZrfw,Kace Garcia,6800.0
UChJZein82KzV47Ef4L9Yh_g,Victor x Grace,44900.0
UCbc1OGGwJQJvk9zPNA0bMGg,The Tribal Act,4500.0
UC4vgj_Zk_SeEwxo17AJvsyQ,El Regio y La Chinaüáµüá≠Mexican in the Philippines ,11300.0
UCegwghWDySliAEORgjaZqYA,A Brit in the Philippines,27000.0
UCgMWh4K-8a8QajV9rtZHZ9A,Filipino Dad Cooks,3830.0
UCSTViMT-lwie6DSDDAmZ3WQ,Adam Radcliffe,90600.0
UCGtS314Ys3Hav_ICqbK1A6g,Travelling Weasels,59600.0
UCLhnofv5sYNVD3P90uc0bEA,It's Wander Angel,5410.0
UCoNbjiMmQ3c8CdiHu-TaYKw,Philippine Family Life With Leah,39300.0
UCEuMQ0H-7VYfox21BvmjjsQ,The Oregonian,466000.0
UCZ30twqmPtR7YYim3D3J7LQ,–ú–µ–º–æ–∞—Ä–∏—Ç–µ –Ω–∞ –µ–¥–Ω–∞ –º–µ—á—Ç–∞,3530.0
UCygn9pOnMw5St5Mva69z5nA,RegenerationNationTV,335000.0
UCBSVopSgHJar0vGaaDuxZGw,The Canadian Traveller,1630.0
UCxGWrltVGIR3kAK2VsEvc_Q,Rita and Pedro,5240.0
UC6VT3Fhk2z3-4leoCoZpyPQ,Rea√ß√£o Imediata,169000.0
UC0p8-e3hIdkP4F09hQc1Uow,The Wineding Down Podcast,16300.0
UCuVEvEzDJORUxstVLfql4oA,,
UCX-klax9T94zrnkyRGlHtdA,Magicbox Filipino,220000.0
UCWkxNq64I4kFwvoFqyN7hyQ,,
UCO5IhWS7_CIU1HoAkffBzcg,keis one,107000.0
UCC9Ozqioy8kGAWDUvwZ6RJQ,It's Mark & Kim,1890.0
UCsZsDjpf2Ppv_cT2K6_q2cw,Refinery29,3160000.0
UCT350j4u6alUKyF9eu2bGug,ABC10,450000.0
UCHpyKVf0Neqcm8WkHinfBkQ,BB Gahyun,11200.0
UCf3X_a7dNwSerXn74Kh88LA,Noname,4500.0
UCkQFtRC61tYJkBZg2PYAmog,The CHACHIICHAN Show,22800.0
UCps-DY2gS0h4fowXa92HQKw,A Better Life in the Philippines,2200.0
UC2vcjazcVurVmpn5svBRA-Q,FTD Facts,1460000.0
UCqMy-fbfky74L_EgKlYXTDw,The Playroom Studio,134000.0
UCS_4tF4RJgx3dD_amygJN0w,Jake Arandz,368.0
UCwVVQkHRtW14nqj5dh-QPgg,Every Man Has a Story,88100.0
UCC59s1J7c7zreuvnvLUQ0Xg,Thrillist,712000.0
UCGyTJBom8TTHa9pc_VlZXfA,Dream Filipina,171000.0
UCsdK_DJJRHbQtPwphLOQKpw,Bisdak Chef,13100.0
UCVR42zazbJZLL4r2Lo8PqRg,Just Jonny & Chloe,23100.0
UCQXBq7djFA_xTSVgNGLJ0LQ,Let's Meet Abroad,109000.0
UCtzKfl7mVo9Bi-DzGMFmnqg,Flora and Note,202000.0
UCxdGLXoiXS6o5zIqsKW1wXw,Rietsch Mari,18600.0
UCeBsQQ-xl2OWko3RhSRGOIA,Jess M√ºhlbauer,866.0
UCGXNJZwl3W9qaT27yUZjPzA,Kyle and Madie,14000.0
UC-0XZzV9y16bKIuWb4qWkCg,Filipino Czech family,196000.0
UCRNpa4QyVGKYAgUzxOi2NLw,JA Hokson (#JAnsaJAPAN),2070.0
UCiBCl6B-tBRPFceSbdNraVw,Niki Aquino,2710.0
UCW66Ck8Lc8M39UHY3TaKf4A,Dan and Lyn,16300.0
UCH084jZBDgYLedTTl8OXMKw,The TyKo Fam,2750.0
UCKygRpISlqs5TufcT3JtRng,Dale Philip,3760000.0
UC82Q2jylxM5jMmnK4SEb8pA,Two Between | Sarah and Seunghyun,36800.0
UCUQPGGBkluwPMxRyY8n1DWQ,Ali Yui ClubÔΩúFilipino Japanese couple ,70800.0
UC6Je3-ZV_x38NqQAxKiCCyQ,TabiEats,599000.0
UC-VUzVsTFTXMU7aSf-lEsiA,Rare Soul Worldwide,95200.0
UCt3mOg88T0My5vZpbE0TG_g,Crunch,475000.0
UCcqMEET3JKUsN9RGnMPdiyg,WonderFull Company,7250.0
UCvezSDMyptnJPLzAVzoTg2w,Emily and Dane Travel,178.0
UCBtp2MhA3sRQ-kOBrBaupSg,Maggy Baas,2070.0
UCPyi-4WfF63TJ95zKShawcw,itsKEVO,490000.0
UCd2GYeVAsuDE-qUdxtUEs8A,Learn Filipino with Papa Jedder,4780.0
UCuiDKV22zjyC7MJrWvTyV4A,,
UC3dRoIz2ld-8iAHvQMa4iAA,Melanie Guintu,17500.0
UCajXeitgFL-rb5-gXI-aG8Q,Great Big Story,6310000.0
UCiEK-SwMjiYsiWzXvOKqKdg,AmysCrypt,324000.0
UCYRDdicBXeo2zYB6Lg-oK7w,Raphael Gomes,2040000.0
UCBGWdISBOCKGE0IbL7_S3oQ,kazincredible,80900.0
UCam1q_TN5QauJdk07T0bteA,Samantha Lisa ,102000.0
UCCc0WJjvRZto3I7qlPzoWUA,Liza Quin,194000.0
UCM5PsLystlm5bVMk3kCA2DQ,Blessing‚Äôs React,22300.0
UCRcnAgWCwVdeGaDxXOStLDA,KJ AVELINO VLOGS,235000.0
UCjW5n1CTxVxmYtX1l2TrMjw,Regular Guy,70800.0
UCy59LeWWXP46uvWAi-uwh9w,Australia with Veronica,7920.0
UC2BFx9glnPZ-fK3UPDo3V3A,Foodbeast,352000.0
UC1PwIaB8KklVK5iZqbtZErA,Flying Kell,205000.0
UCZjRgv73affDRgUbiLJtBUg,Addie Reacts,18900.0
UCFKiXXD3aVWU60VQCuUvPHA,Myer Travels,151000.0
UCiMUkmmff55gHoVRpM2Vhaw,Ivani Leang,3730.0
UCGSLwd21qtaUh3mF-5X8b4A,Olivia Ortiz,127000.0
UCSKyr0rInDNW2jAWKVy4OcA,Discovery Amuse,16800.0
UCky5varhC3PdITfCco7iWbA,ELVIE LINS,3830.0
UCp17yfUHfvmjHpHa0xKOmig,Mr BulBul,339000.0
UC23SG4XKkSrbhz-bZ2f5Mfw,123JAPAN!,629000.0
UC6I1pNKRkHzFQhjxH83uaQg,Emy & Johan in the Philippines,29000.0
UCY1Yc3xA1aY0lqnKUTDTi7A,HellthyJunkFood,2960000.0
UCAn1xZqc_LzZc3D7DpcFcFw,Tosa Dela Tusveld,3490.0
UCI_4xw1y0CV-1gVYK2PgW-A,Tastes Seoul GoodÌÖåÏù¥Ïä§Ìä∏ÏÑúÏö∏Íµø,45600.0
UCzx36kqBqXsl6kSEkpQbwCw,Simple Street Interview,9230.0
UCEZMMTmwnL9wYRRjRhwNjMg,William Magtoto,287.0
UCRMPRZ498l0Bu5xvcvaesuA,Part Time Travelling Family - Eleise and Lawrence,150000.0
UC0sEIyXXalzD1lbwm3D2xpA,RuPaul's Drag Race,1510000.0
UCbQ92ZjzBeAmvDW6Ukg0wIA,Prakash Panchal,18700.0
UC510QYlOlKNyhy_zdQxnGYw,Simple History,5030000.0
UClxGlpO6TzyJcW7gPCJe94g,GLOCO,1260000.0
UCtgevdBdyeV1rMJqfjK-oJA,Filpino American Ministry Podcast,34.0
UCswuss4ouZ293r024xXpiIg,THE SKWAD,38200.0
UC952h9ohW-2w_g0TMrVNgMw,Tater Travels,34200.0
UCU03NklypYW1AAIoNE2Vh1g,Jeanelleats,1900000.0
UCAW9e0pCUr2XZQ6hCLe2ifA,Tarsier TV,4410.0
UChOfNDlXR6XueB8IxMxeqBw,Chuckie's Kitchen,204000.0
UCrPo31V8wpuuCMseyzEDZMQ,The Hungry Syrian Wanderer,5200000.0
UCz7de9Fiw39yRnLDEUCXBEw,WolfNnyl,11900.0
UC0NGOXcSHs4Jq6FDpIYWkJA,≈ªycie na Filipinach - Rafa≈Ç Baran,73600.0
UC3gaj-0tlmz-1G6foK3E5hw,–ú—ç—Ä–∏ –î–∂–µ–π–Ω –§–∏–ª–∏–ø–ø–∏–Ω–∫–∞,200000.0
UCnHvT1RSRloq0xYAB8Q6_4g,DoktAURA,599000.0
UCZ4hZoV-OOUo14Qm7aQE6zA,Travellight (Jordan Taylor),674000.0
UCFlBzAKy6NLK_q8eONXE-kg,Mister Shin,52300.0
UCMJlGrPk73l9U6qahc8D_gA,Randy Santel,1790000.0
UC9KKQRHYCn1ZIn5RwlHOq-A,ÏßúÏ∑®TV,118.0
UCSlVq7Ox6piUTevMEAVXJJw,MR Halal,358000.0
UCWU1QFjS3Lil6hm5rdAypxg,Psynergic,32200.0
UCcAd5Np7fO8SeejB1FVKcYw,Best Ever Food Review Show,11600000.0
UCfROmtFIX0dVDpJq1W98Cxg,BOBBY'S ANGELS,1850.0
UCBLepDOut_qiOetyDqLBmKw,Oppa Jinyong,120000.0
UC3II306xUqkWJjTjQ39VMgw,Yuru Philippines,44200.0
UCFHhnyA9HGtBxGhtMQ_FEpQ,The Front,540000.0
UCNhX3WQEkraW3VHPyup8jkQ,Langfocus,1520000.0
UCmKNW9ontOlTd_p4Dg51sRQ,Jon Barr,587000.0
UCbn5xzRrAOY9DWJlbyPBsvg,Joel and Emilia,257000.0
UCmz6VlIkVZLuZ_zKDnzYV0g,Travel 2 Where,5030.0
UCaGbxfCf3D4pwjR2kXTYhZg,D&J TV,21400.0
UCfXT2sohC0RuRDBo49ARTuQ,Ay Kaptyur,2580.0
UCKie0svsFyBBsKaQIA4hx-w,American Entrepreneur in the Philippines,9850.0
UCDymC4Cz6qt4xs63WdIEwZw,Matt Criscuolo,61200.0
UCOnj7dA6j1iTFtudrackMag,8 Miles from Home,348000.0
UCeguYg1beQ9CiAh8SYyh4jQ,Eileen Aldis,132000.0
UCqzenWalu3AvaKaG51ZFEBA,all about JeRe,217.0
UCUnnIlmSRnqu_iuh9v5CjSA,Nicca Wanderlust,7510.0
UCNDk_kGqNSg60VNnzSeym_g,Chai Travel,95300.0
UCO_Kpr_pD5RyOgWwhJOyQSg,Me Diary ,7220.0
UCMtmSvjz-Uhytpvkk3mdi-g,ASUKARIN Channel,314.0
UCSAQKyBcV2kH7Q1QQbOaI4g,Experienced Indian Traveller ,1400.0
UCMYlXK0jyerVnc3dmz-vjCA,10 Tampa Bay,517000.0
UCuoZLURMs4av8y-n80eviFw,K-Pop Vocal Coach,286000.0
UC-wNjA3exMjeJlEU5TvJ4Tw,Big Guy Appetite,298000.0
UCSrMrcpvabewFQCSBRUAiWw,The Trips,12200.0
UCTYLltHLCjnZc7g9ltZeDVw,Meet The Nomads,14500.0
UC-KkRiRGPdW5ljHiSTirU_g,JR and Blessie,6550.0
UCKjpl5dlRUP4C1qJCoHh-CA,BuzzFeedOz,225000.0
UCPpPaYLh7GCIvzoVxHGyw0w,Ïó¨ÏùòÎèÑ Ïú°Ìá¥ÌÅ¥ÎüΩ,403000.0
UC_BxmL9HB_lr5ju6F4uiptA,Chinesevid,72900.0
UCFnvthspgSAYZg_NsXpMbDw,Brigitte McBride,682.0
UCoqxuZY1dt2Z_KHZHDDKguw,Master of Voice,604000.0
UCfxp-s6Tcsd6fPjnY0NjJJw,Dian Feb,72500.0
UCoHcRUQiJaeUve1136k1XDg,Manong George : Filipino UK Nurse,18300.0
UCI0ameGBdtjfjaaHuqGkaPg,Alex Fokanoff,3560.0
UCm6kSK6bg7aecksDt2I1ZsA,Raising Voyagers,377000.0
UCgvTNqLFbMS8Wp73r00fGLA,ItsNomadTrinidad,3670.0
UCHHsLgcp82jsTUdULULDjbA,GoTime Travels,100000.0
UCkPpAqpOa_MXLP2qOTSrPOg,Sukli,1280.0
UCWfAvyQaYPPfm3S0cTcbyag,USA to Philippines Life,1670.0
UCSZXwdBppzhYpcqf69WNOIg,Seoul Walker,449000.0
UCvXWOQLFNKYmw7olWeiU7Iw,,
UC_3WB1wfJaItIiN2RJsRMOw,PARfessor | Local Historian ,14300.0
UCooOp70lTrrOi4bqG531JOA,Crazy Filipina Love,18900.0
UCuQn8TDdvfdx6vtkvf3ZfeA,INTERVIEWS AROUND THE WORLD ,5700.0
UCsfUbIyotnXsKv9paUan0lQ,Pinoy Floyd üáµüá≠,111000.0
UC2rkgW49nwJyQp3JHZxh5IQ,Travel Droner,53500.0
UC8OLrmcJnZWAZpH8fpyEChg,Reidy Ventures,2130.0
UCn8zNIfYAQNdrFRrr8oibKw,VICE,19000000.0
UCwivAqc3tPrvbionZl5SjJQ,PH Dot Net,195000.0
UCvlVuntLjdURVD3b3Hx7kxw,Dry Bar Comedy,2930000.0
UCqOY9zsZrrd7MMYN-m8kcag,Britx Sui,117000.0
UC6tqkWOGlN6zJDcnJvYkaMQ,TravelwithZo,71700.0
UCdqUbi6wLxXGN2E2nqqlWyg,OK4 Kids TV,4910.0
UC0v-tlzsn0QZwJnkiaUSJVQ,REACT,20100000.0
UCmMHuOVQroFnzMPtBBwtoCw,Mariia & Daryl Philippines Life,39500.0
UC6tfBpIVlXZehYg6mvV-qWg,Meljean Solon,157000.0
UCyt8uNmxlpSxqYyPqoTHeRg,Vanessa Lucas,14600.0
UCtw7q4SyOeoCwM1i_3x8lDg,Comedy Central Stand-Up,2750000.0
UCEDrRCC0qRtPd5-sSa1hajw,The Endless Adventure,628000.0
UC5QCza-qtDmujX_lzIs9SJw,ÏÑ∏Î∂ÄÎ∂ÄÎ∂Ä,111000.0
UCTrp1gkrbzase5fzlAFGtPg,Russian Boy,56200.0
UC_w5Uck2H8HDd1WgBuESB-w,Our Philippine Journey,6490.0
UCau87M9DnzSL5iDE9f4uVKQ,Scott Auchterlonie Music,77300.0
UCoCw5aOrYrXJAnmstijqFHQ,TravelHop,9390.0
UC_1HVMnw-610qx54iEiWk7A,akidearest,2870000.0
UChAO_nsjsixwuFHtjPIgz2A,Story of Monika,3130.0
UCe7op4W-6YKJOpsG9TOi2CA,Timeout with Dami,19500.0
UCtOXruSampZT4DrPsnuz7AA,Chris Urbano,59800.0
UCXApBVrhzoGb4M4UKkEgpvg,Thazmin with Jhazmin,56300.0
UC_YHP03qQytjAfBK6tFcnew,Isaac & Andrea Vlogs,337000.0
UCpsivHVNaBnIAPhkLBZcWQg,Zane Travel,129000.0
UC3K981fnxuq0SWU5bnQ917Q,arianne & clinette,37100.0
UCJsUPQs-NSevvUxKmtvdQxw,International Jasper üáµüá≠,56800.0
UCt_NLJ4McJlCyYM-dSPRo7Q,Lost LeBlanc,2220000.0
UCXA_2sDtNRf0vpNp_RZ3kqg,AmirMalikVlogs,10700.0
UCDRbz-Otyz57pRKQwUkr0ww,Walids Journey,31000.0
UCfStLP-mz4nXI1iNBkehytA,Therese's Nook,1160.0
UCye4j_cBvIj3GdIlkDZKOGw,LaterTofuEats,28800.0
UCF--4fKKFc0W92Xgm2ky8_g,The Porkchop Bun,727.0
UChpbno2zV6-qdTQ_e1xqjUA,indigo Yoori,19600.0
UCQYHG-sBr98upC1-0WltmsA,MisayGoesToSweden,7180.0
UC7HxIb6bY4-ymtAOS_MGsOw,VI3ION,606000.0
UCwhk0Isq9crz6MeRDbtlFdg,Not Tristan,1080.0
UC1Uvuror_cl9cRcl3h8QhSg,Dr Laway,43900.0
UCWJ2lWNubArHWmf3FIHbfcQ,NBA,23300000.0
UCDQ2M--Pc_L6kdZCDw7kjYw,TOM And RUTH üáµüá≠ Adventures,46900.0
UC_F0q6i85C9-8RujTcI0SoQ,The Holistic Trainer,444000.0
UCvsb2dwX9pL-_QX8blpQ_Ag,Max & Sujy POL,48800.0
UC6wa9kd04Dbf2YjihFktrpA,Invested Lifestyle,79600.0
UCWGcbY5JBzcUenFwl4A1eNw,Charles & Alyssa Forever,2480000.0
UCwHu8fi3Vg4lxPHUp3BNW0w,Meows Stories,1590.0
UCOeJBQGvDaEXQZSwTr_V2ow,Fina's Family Vlog,8100.0
UCb24bpyTx2fhqiXAnhek26Q,Dating Beyond Borders,677000.0
UCZVVG15NVgl98xIdL5O-7jw,Carma,15000.0
UCtAecFG--rOjHBQiP3YMCfQ,Outsourcing Boss,177.0
UCOVPHypKtkqQQbNO3R7xKsA,fonsi abroad,44500.0
UC4Zco0d-yYgZhOdlyTBQRTg,"Easy Wedding | Dubai, Georgia, Seychelles, Online",418.0
UCCAh-tDKBja88N59E-KwL3g,Village People Philippines,182000.0
UCoqPhwf0-Ty5ncLvytRbYVA,NextDayBetter,26300.0
UCFcKArH0uUhFgkTcZiDW3Ig,KPO TV,53900.0
UCPGDvVGtdbkJgnWmSXLXI1A,Twins SF,19600.0
UC1PEGwrUGWkcIKxQZY-jUMA,Pinay Mom in South Korea,516000.0
UC1bBg-b6exIwz092l5Ra1pw,Luke's HomeTube (LukesHomeTube),1650.0
UC-2oi77YQ8_ywS4UENWZEQA,Keyframe5,74200.0
UC4wdBTbD8lWlhZdggG2YBlw,LOST iN,372000.0
UCVBn2I55zk8ToyfbK-4l0EQ,Island Media Asia,18100.0
UC_DmOS_FBvO4H27U7X0OtRg,Fearless & Far,3030000.0
UC2V7XAqnvbIKmlox8FEMkvA,Marker 44,40000.0
UCXXlfcu-12obaE62wSEgazw,NotJeffandSonia ,1330.0
UCs5vW-XTkApnkLbaiz0yNIg,Puting Pinoy of ExAmmon Studios,106000.0
UC-UmKQ_TcbaUnwenqRudEiA,Seara Travels,90700.0
UCxXBZJLc5qGH8xXqbviQ2hQ,Lost and Jetlagged,6390.0
UCA3Vg2gqR-aycc8WoVewouw,Jez Prada,150000.0
UCumDKkURYIw_dKqtn9hN-Ew,Alina Mcleod,344000.0
UCuDAPedRN3STOhhHu6v7Xxg,1tsmeZeus,322.0
UCGvXMm22q_NjSk2FxYM9pgw,TheKohlmeiers Fil-AmFam,2880.0
UCAvW3R_81M2Dx6jXE_9DgDQ,Paint Your Lifestyle,12900.0
UCMVp1rW2TU7Jbm6PAmkHfbg,roamaniacs,3390.0
UCoRXPcv8XK5fAplLbk9PTww,THE K-POP,2860000.0
UCaxaaz3CaYc8TN7crt_LvpA,Alpha F,17200.0
UC2YV9DGG7kN7mSeuQqD5QHA,Alwin GC,144000.0
UC3ScyryU9Oy9Wse3a8OAmYQ,FRONTLINE PBS | Official,3150000.0
UCo5IPeTfhzXzzNB64ALUSUw,The Demouchets REACT,182000.0
UCC6aF7bgIEBnMJC2rV4XOmg,Kuya Mike,5000.0
UCEOA5dqY5Qzz5MaKBImavYg,,
UCmZEdaBmnUEoWAzLo4nFASA,Dean Hashim in The Philippines,471000.0
UCYC6B6DMhDUTQQrwgD0CwOw,The Hutchinsons,112000.0
UCtI36M63s-kXfopZPF35SKQ,NordicPinoy,1320.0
UCX9TowVN7dt9OcrNq9idSSg,Vikachka & Eugene,1640000.0
UCo9NvJhHOaDGlizAbVtlchg,UNCLE MOMO,95800.0
UCGOs1FEDu3-Z-HQBKFbUYQA,Food with Mae,2070.0
UC1c0d39TNAKSS446H46VAlA,Asian Entertainment and Culture,42300.0
UCsQD6RsJiIJQRAYu1G9aJHQ,Mary In India,1680.0
UCVSUQLrgTP0MpiOR9Dg1HyQ,In Between Maps,5580.0
UC5LpvwSNZSWDSS1AHoK4NZg,Raff De Leon,3000.0
UCoqLzIVd0ojld7e9zxbFSgg,Go with Flo,72000.0
UCRE7r7IHtuDeiYcPXdUXaVw,The Crowns Vlog,45400.0
UCEhQEvar9m9divTBuwuTzXQ,Ella Patrice Fajardo,128000.0
UCxLf1jDD8b2VH8cgKOhtUXw,The Egypino Couple,482.0
UCENHwjTptE-I6PTAmymYrLw,Global Marissa,1320.0
UCMGEUVgOJ3jqLfvogNjOH3w,Always on a Journey,38800.0
UCQ3i4wFECsKSLp8_9y-BkgA,Dustin Backpacks,160000.0
UCGW5DXYdKZ4ULEdeAZn2AlQ,Wistl Family Adventures,22300.0
UCzLY1mM_li78EGhtDztNt8Q,Filipina Petite,28900.0
UC4r6JBPiafpR2J7L_-KRM0Q,Owl of Dating,34800.0
UCTS0OE6du3iaBE8JC8azILg,Chumimot üßø,5640.0
UCZ7Cxp6r5JMhpSrIETCXzdQ,Mikey Bustos,1400000.0
UCORg6QV09GWtP1DDd6oH1iA,EXCLUSIVE TRAVEL REVIEWS,3750.0
UC5zl9CnWhbwUBbPaqsWeyGw,Bella Akiyama,10800.0
UCm3CG7lhRB0VkiefjhCCwZw,Tim Troetschel,92100.0
UCJVZRi2PVnCcOrwOsGNLyxQ,Speedy Recipe,35200.0
UCQV3Pz-Yc4ZNfh884ANVqkg,Angeline Thomas,5880.0
UCLwXLrLjw0bvnk1eGQBNJmg,Mac n Teens,24300.0
UClnOJmWf3o_f6x-Q16rjorA,Dillon McClure,29400.0
UCs_1hNJ9zID-nMOy3k7YeXg,Kubo,13.0
UCz4BPD3vh5dmxm9BglG54SQ,World Famous Yum Yum Food Truck,775.0
UCgXQWI3jkQBn4PT1zvFK1QQ,WeAreOcampo,240000.0
UC7fga_Kycp9z6pg5Yhx7R-w,Bisayang Hilaw,1050000.0
UC0r0ciHDBQkjme-z3wzpS7g,Politicamente incorrecto,27500.0
UCqa2MPu8bLY1PwVFUpSyVhQ,HiHo Kids,5610000.0
UCpdhEr4-JNBrfXBRmuPQdzA,Mama Soc,4130.0
UC9x4-ABRx6eyoTAaPLBSlHA,Avelina Encabo.CHANNEL,1530.0
UC-jq_OD2e2xIcm5RdTrBcNg,Amazing Philippines,47200.0
UCz7ph8QVMhNyln-uylRdTsw,Ruth Lao,3550.0
UCinEc0LuK0gQ9Dv6dsORmDw,PhatLife Project,24200.0
UC0kRouseKcdvPylRVa75Uag,Ron Digao,18800.0
UCp3SQp-gytNc4cQ5iqrZv5Q,Tommyland,4350.0
UC8HWMvChbApPWJuI07k6sMg,Got and Pie ,4060.0
UCl3z7kQ9GlwAyAlwYgcOOmw,Videolux Philippines,25400.0
UCF_weu4xhghTUXAgaijrafw,Romanians On The Road,19100.0
UCdCcBT4F1nsVs46w3sG8Pjg,Kumusta Philippines,2310.0
UCDZP2n7wrjSrFA8_KENuJ3Q,MomDuty,244000.0
UCrOmnHUEWYsGia51g9QNG7g,Japanese Shu channel,5550.0
UCj6wN8aXupC_RVWBD-Mof7g,Where Next Family,47900.0
UC9I_iB31MrxbvFSJKaZiHqw,The Bing Buzz,63300.0
UC9YWmmRmSvug3HYYnq2dcqw,Illustrado Magazine,2600.0
UCJWNBOyEz7RU9Zk_7dSZ8gg,Miss Universe Predictions,161000.0
UCkGnjL3liLUAHfhAAljws3w,Max Reaction,120000.0
UCe6eisvsctSPvBhmincn6kA,Joe HaTTab,17900000.0
UCjuOgcseA2FOKP288WPwERw,Kuya Devan,9060.0
UC6i-b_82Fu9hCcgVnJEuV-Q,Handa Studio Philippines,107000.0
UCxqV2u6alqV9QDzQsOwbiog,Teens REACT,1100000.0
UC5fQirmGG9V8ftLwuAcB1Ag,Hector Cerme√±o,110000.0
UCMuPgPrCACbIm9Fscs4TDvA,Millennial Legends,19000.0
UCaFgN6V43Xo1pRjQ4PjlSqw,WSLS 10,106000.0
UCGY-wd-aiR8rHX1XaJXII3A,Arty Travels ,10900.0
UCMQYXIyqCvjHOrIY8i4MDfA,Neilbee,765.0
UCqZhyEIN56L1o5XQS19bCKQ,Project Zero 1 - A Logical Dream,11100.0
UCqfocj01PucRo5y4tuYWA-g,Serene Winters,12100.0
UCfKpZv8Ra6KRjGXLvKEMKFQ,Everyday with Kris,60300.0
UCbbw0svE3owMHUQcsL0nnUA,Happiness Boms,9330.0
UCnjItsx4ZOzT-v6rVarewVQ,IsafreyrVentures,88.0
UCJRIZrpu3LwHfVXWqbArbTQ,Swahili Kingdom,8910.0
UCZaT_X_mc0BI-djXOlfhqWQ,VICE News,9220000.0
UCrH_qGCqMX4PJX5W3LXBzTQ,Tim Tayag,1600.0
UCnuvocMQ6Tr31nIDiNX7qTw,Beth Roars,1010000.0
UCeoRAN5sr02w8_9aFWxIM4g,Tech Travel Eat by Sujith Bhakthan,2280000.0
UCD-wx9lLiFeulexN0Y00DMQ,Closer Lives: Jenn and Leon ,14800.0
UCp1KrVaZDZ7BOI_QBuTWWmg,KING 5 Seattle,538000.0
UCm-AYPZjXxu25xkXl3IWr2g,World Of Rob,1240.0
UC8rEUBRN_jolCH0MqEc2_HA,Pamilya Abilla,2620.0
UCn1XB-jvmd9fXMzhiA6IR0w,Domics,7210000.0
UCZ8sKDdn4_0utHht48oXyWg,Clarijoy,56.0
UCVjTrw4vz5hpf-jwJzqy8Gg,Chubby Stick,255.0
UCgFKLJkz381t545douXDL_A,Kenzo Martini,116000.0
UCQvZnhzOeb5FSGU--TZqt0Q,Fil-American Made,17100.0
UCT1Ay1RAXtUlEII5toY3gBg,Faruk Acar,32500.0
UCs5GnuB9y1pSWswQPLF2kXA,Brendan van Son,172000.0
UCxOrk9Oi3SetDyZZq8SfPSg,Sights of Cy,17100.0
UCt58ZnSnFPr5XB6mqdQHOrQ,Jason Maoreen,1290.0
UCqwxJts-6yF33rupyF_DCsA,Life Where I'm From,1820000.0
UCaNE4zwCwdCewUvVOHR5tfw,TRISTAN NDIANGA,3910.0
UCRuoOpexSwWdBIByS7RZn8Q,Travel Guide International ,1630.0
UCzsch8xdb-N_ZEt6tvHfFJA,Gie in Holland,4550.0
UCuCuEKq1xuRA0dFQj1qg9-Q,Knowledgia,2080000.0
UC59u71tLfhC3_tYIQNc_m3g,Ychelle AUS Life,4880.0
UCnOeTSQY_YmjxeY12y0xOPQ,Mars & Tobi,3620.0
UC4uU4t50BHcaSmJ7_5JZWYA,Killermcknight,221000.0
UCHk-j6L93O3JrxhA87H0oWQ,On Tour With Dridgers #OTWD,109000.0
UC94q2SvtH1HgBpYAhceLBpA,Indian Reacts,2140.0
UCkaZoLnf0cJu6Peegep7AHQ,RapidVisa,19800.0
UC40Y57rwt1rh221R_USlriQ,Surf and Turf Travel,3340.0
UCF3l_ACuhzW5QRn--37Tu7A,Taglish Coles,28100.0
UC6CbAK73ohEL5XeRi0wbN9w,World Intellectual Property Organization ‚Äì WIPO,69500.0
UCJWfRHhcgSz8EvRf_3Jig9A,A Kids Perspective,1140.0
UCXKOXXrW7wzKe_VGJIw2lkQ,True Pinoy Chef,207.0
UCAzZ2_MX80BeKjD3mKD--DA,1000 Nomads,5190.0
UCdcWBJfb9fZngmw-2eiTcEg,AnthonyOK,16500.0
UCqp39Bl6dlXyCy9J2FgDraA,UZUNO,7120.0
UCfyehHM_eo4g5JUyWmms2LA,Sorted Food,2890000.0
UCHd62-u_v4DvJ8TCFtpi4GA,Washington Post,2790000.0
UC5H6gBTRd1sMBcrAHeZ4gKg,Meryll Solidum,1480.0
UCDiZhoVoHJDx-R_LnfUxftw,A Foreigner Escapes to the Philippines,2180.0
UC0gFSdMnCETFhOHsDCB8I9g,Charlie Wayne Adventures,8510.0
UCtnyo-2ySIhmhm1Rxl_0rRg,Arika mda ,6150.0
UC7Kgx3dsvL5rJcDiwyNrjpA,Rookie Collectibles,1330.0
UC0ffAL5IGWDEMriToPXKQVg,Nina Schofield,271000.0
UCJIOEMm-cKo8uG82dUIfe1w,DR. ORFLI,12000.0
UCdjAt_fn19gBK3z5zL-tw1g,Cris Goosen,3470.0
UC9lkTlYUoF1iGnHM3smXxlQ,Travel Snacks,95100.0
UCLQ1V9BthBBZA_mE3QV18eA,Milky Coffee,1530.0
UCnIG77gLrKwxZ-j0YhmstcA,Tales of Odyssey,43900.0
UCuNTNj4oeNhdwA-nJYp-OIw,Borderless Asia,55400.0
UCCOkdio2yvgl8tx_7C2ZyIw,Selfie Travellers,2380.0
UCn3xotTBbZ7CaH8Zv5WtHHg,Food and Footprints- Greg and Jumi,26000.0
UCOtztOjWQPgzGaCdtArfWuw,Ije999 Reacts ,10800.0
UCe61L4YJsAGFHRfqKlOPx6g,Magnify Studio,44100.0
UCAv7YCgnRo86h7gOMMBf-GQ,GagaOOLala - Find YourStory,727000.0
UCDyDWQVNvHtbOosA39aslvw,AG WONDER 111,525.0
UC2wTnMBvQ_TH0qn5rJl8hWQ,The YUH Family,2480000.0
UC9PivtU3L4FK5SpvKBXxeaQ,Aria Inthavong,78600.0
UCPPBot1bmfYLSDK0lk9Tlcw,Hello Philippines,112000.0
UCgT73SoCBkoLYnrR70iDr_g,Hunter Talks,6050.0
UCQZh7dlICtR6CPtB9R_ZzYA,Hindsight,322000.0
UCWkguf2p-KFU5uE7iXJuj5g,Marco Roams,135000.0
UCvnH8hXGvQxe3uafTUMb2xg,Davion West,16300.0
UCcOAQbB33b5Grzkv3SiAwpw,A PIECE OF DAILY LIFE BY LIGHT TRAVELS VLOGS,2700.0
UCp0hYYBW6IMayGgR-WeoCvQ,TheEllenShow,38200000.0
UC7nw2QvlDVw1RK1AZnuAdRg,AMAZING EVENTS,96000.0
UCyEA3vUnlpg0xzkECEq1rOA,My Name Is Andong,702000.0
UCL8IPpUd7kIfEoPgTl2LzPA,Paul in the Philippines Old Dog New Tricks,108000.0
UCiSfjwYIGaLIHI7fHbyCpiw,Military Combat Network,122000.0
UCk0JYbzoYHPsNP2KD3NHYbQ,Hungry Two Travel,252000.0
UCqEnWAU8x9752h2t-8x8gNw,Living With Grace In Japan,3150.0
UCuDJlOZRQyZgmRdLmrsXwRw,Joachim Reyes,448.0
UCuNaiEm7eKFj6E_S_IcfeOg,Sam Fujin,67.0
UCN6ssBUC5PNYUN9aG-iiA2A,A Day in the UK,5630.0
UC9b5vUlohoM_Gli7NKzpHkg,The Eftimies,11700.0
UCmlfCI87gCasxVQR1_Y_DqQ,Red Zone Mindanao ,5570.0
UC9KcolSfd2YgFOiV9X3RAoQ,Mai Vibes,3850.0
UCO6nDCimkF79NZRRb8YiDcA,Storied,1000000.0
UCGtalU8FOYyLRcooDSUJ9aA,Marichu Baloro,9200.0
UCpi8TJfiA4lKGkaXs__YdBA,The Try Guys,7920000.0
UCMETRf3XBhjI7SpWVMSFNuA,Chris Kusinero Adventures,35400.0
UCVfF2cBhyatGQc_BcjSZ-_Q,Roaming Hogan,64500.0
UCoFoYQxIaKKivKYW4z_5D5A,Katie Tracy,214000.0
UCM31OXY_a1lrR2dSTOpeVkA,HeyoLeah,183000.0
UCKCGOzNIJoDhH7IQMoa1ySQ,Heaven Peralejo,532000.0
UCgzC7SsCYSfGrVWoHQS5W8A,Cowsep,702000.0
UCflE-QMT5V5l74ivZ50jzIg,Grace Kim,35700.0
UC3hNYaWQYd_kGo2rKAGQPYQ,Steve Yalo,179000.0
UCdGbzWwg2oAxwbzvWw2FDIQ,Myn's Life,3340.0
UClDzEHfr0rouilqR5cO_HQw,Rekhram sahu,35200.0
UCUDTw1k24lKpj37k_h3pyWg,Rys Lane,11200.0
UC2vIDEQ4WAYpLu5ijURQTwg,Fe Eli,1390.0
UCxGP9pIiALg9qxZ3Q5hgPIw,Mabuhay Life Adventures ,515.0
UC-YjZCIxGE1Al-I2rGTukyA,KATCHUP,59900.0
UCVa6ozIskHiTXeTBV4Z9SUw,Justin Roque,29000.0
UChoyPLPxhJ3SgSbdRQ0m4RQ,Top 10 World,525000.0
UCIR0ZRd8fjsRioV7k8iaV5g,Stay Hopeful By Beloved Marianne,479.0
UCjFqjcg0RR6ILLrZ32k4D9g,Jus' 2 React,326000.0
UC-ZBaZ53_4a9DU0HM0T2hyg,Gourmet Stories,406.0
UC-O5RPLXeKJXUzNXwwqIOgw,Mat Salleh TV,1590000.0
UCurHnY2uGGxazkbc8PxFvFA,Exploring With Cody,417000.0
UC0iiDUXdJMHLEnLoqVFcdrg,to bring together (tobringtogether),2950.0
UCGihl3bWPGHTxVo8RAySQEA,Leila & Remuel,1390.0
UCouX1vaDY-aqCP3Jw9EzCdw,glaire,25400.0
UCRFj4Yj1nKhgrT-_8AUsaDg,DancingBacons,3320000.0
UCGWoqB49Ux1G0Sbhl3CrN9A,nTravo - Travel with locals,3920.0
UCtBIWmRRlItV4I8e_AMLWeA,Johanna Lukkarinen,11000.0
UCmXq0ZRIyR3eX9OhTrNHisA,Hobo Ventures ,19500.0
UCMUybt0QY2_3FNcEtVsKN_A,RJ Malabanan,895.0
UC7bjjCXpXx41KriftaL6Biw,Field of Visions,44900.0
UChOm_KQlCIuN80CsMLWmD8w,Every Day is CHUsDay,1410.0
UCbg9l669hUidVkb0rxXl0ow,Vlog on with Rj & Tin,30100.0
UCc6RY7ZDvJIl_MTdyX7QP3w,blogTO,61300.0
UC9YZFtyku73zkyXx1a8Ez-g,Eatbook,169000.0
UCKq4M7f4vMmJh3tn0lJ_chA,Scenic Fights,970000.0
UC1cQLh-Dlg7dgpXYXEJfviA,My Filipino Recipes,11100.0
UCuWBv9w0mYhXv-I_1fSaYSA,Juwonee,217000.0
UCNJMk1fthpnqZNFg7Ke_DKg,McEastlands in America,1840.0
UCWY-dF_PUP7mcsNatDd0Gog,Marylou Chanel ,139000.0
UCkJ1rbOrsyPfBuHNfnLPm-Q,THE BOYZ,2300000.0
UC5Z-B5tHlqN6jho5_1BYdXg,KorPinay Family,29600.0
UCliTC4r2ebj56nTwqNuhcuw,Pogiboy Productions,5910.0
UCrKyaMpaBvsSxsb5zSeAZzA,Gospel Light Filipino,526.0
UCDnzN6Kr9DBlQB9ixKqt1Ng,Tom from Texas,648000.0
UCUH7ZA3KqBUQVGzR5dfxV8g,2 Wheels Across,6700.0
UCHJuQZuzapBh-CuhRYxIZrg,Insider,9250000.0
UCUrJTuFfXKKjVYLKHYQpCOA,iwantmylauren,311000.0
UCJXfUnmNgN9KLJMAkPa7jHw,Cav and Nicole,9490.0
UCuS5fmeEDpnW5JPMdRhGm7A,Making it happen Vlog,591000.0
UCFM_mObf-0e_VtmU8iq081w,TabiEats Food Reviews,15700.0
UCRr9zB_nU973TtqHBD7N4dg,Pinoy Gastronomers,1260.0
UC0Ize0RLIbGdH5x4wI45G-A,Drew Binsky,5640000.0
UCU3bXpOvu7imTFlOhMT8-hw,Travis Atreo,316000.0
UC7jxOv-Ns6nIyMmBCh0LXNw,Jesxica Wan,468.0
UC2xFAIV5shzGSzX-F2J_1QA,Korean Filipino Jobs,1790.0
UCQCSVhADyImwelDYKzro-JQ,Ronette Jenkins,5180.0
UCGTluZeop66lDGa2rOHY8aA,Cascade PBS,39800.0
UCLdHxodB8o1nAhJTstCoWlw,Kirby Araullo (Historian),115000.0
UCOL1S-pRMl51fJ2V6ocljAA,HYEW.,64000.0
UCcT6w3xUyVshyR2_2vrMp1w,WUSA9,571000.0
UCxLPAGgcDvEdaZBJxMrSsmw,ItsFaime,118.0
UC8kzXjU7cagSDFZoFL7mvkA,Taiwan Philippine Marriage,12000.0
UCi1ynaf3mWz-mgim7LvqjzQ,Smile Squad Comedy,2620000.0
UCOvLWcHoB4aujwiWKme_pFg,Kumander Daot,241000.0
UCYERz7Fgao2aG2l-TJWjujg,Vacationsgram,10400.0
UCc7cpDLG-lt7VaJZBJ-97Mg,Dave On Arrival,36900.0
UC0lOVWlP5E5Wd_Zwbh6piGg,Sarah N Rica,2530.0
UC-DRHzd-YOh22jB8-nTU5nw,Oxford Pinoy,3240.0
UCWAcu4MI9Nmqs7-OPQmVsTw,Zeus Reacts & Arts,98900.0
UC-ec9E2-f7XstQMsJNc9ehw,Jack & Sophia Torr,275000.0
UCATEfq-fUMoK-zftoyppJqA,Leeman reacts,39500.0
UC-Cf5_vTOtmN8tkR3Bs_TSg,Lazisoo,76200.0
UCWzRbhclh3HeYPU3jkC_MWw,The Passport Couple,55800.0
UCXJryYh6xcW5iEeJGzK191A,CBS Miami,659000.0
UC3XwA9aaZdWfojyo9wKaFtw,Awesome World Ïñ¥Ïç∏ÏõîÎìú,1270000.0
UC2dn2ccv6YDVPWzbG9NrQCw,Kriz Thayn,315.0
UCruAEhvRwMJ2oogDXdy8afQ,Arvie Chin,1200.0
UCuNKAAuJjj6Rnqua8miiO8w,Loloy meets HyojinaÌö∞Î°úÏª§Ìîå,219000.0
UC4F6cEecMl6nE7osq2ecxxA,Alexander Travelbum II,71900.0
UCpT17zbToGANwa8hcwYeG_w,Rafa & Aikah,11300.0
UCWWa-FFbxZY-Qm93YxdnpBA,Ginessa Nessy,40400.0
UCnpnhxcQT-97-otlG4XUqCQ,Filipina Life with Mia,26600.0
UCRWyeNqc6IugffUVueM4sDw,Travel Man Today,29900.0
UCravC7dPHG83M4LP4SYpXvg,Spencer & Kristy,11000.0
UCIXF5imRgt4znbMthMfTo3Q,Princess Pat,5800.0
UCvZYC01eWj-ftzwRIWhPS_w,Off to Bliss,468.0
UC1Vtf3OTZatknIne-a-5LKg,AlixGrace ,2990.0
UC9Ic007Q-wRpbW0DGLPWAgg,Brock in the World,5470.0
UCinjnmQEwCddOudyCC1v7qA,KTLA 5,1350000.0
UCRN5aoMVbZgaFrzqwUqMyWw,Isla Pamilya,50900.0
UCiEnP3H6iYm_weynPgA-0mQ,Becca's Shoppe,108.0
UCkocmrlkySgOdt9RYamw6dQ,Tal Oran Clips ,13300.0
UCtAkYahXNSJ8RVOil0O_Rnw,Captain Steve,55500.0
UCrS31AtZaU_1ZxpGt9PPvWA,Happy Hour with Oli,650.0
UC2xL9lM-JAxfDKdq6v1FOeQ,DaGrapes,8940.0
UC8fwExOkHg0_fX_XJcR31NA,Harry Jaggard,2530000.0
UCe5u7x4NJQieXeijNCMmbOg,The Singhs TV,3220.0
UCEScbJ_iUulVoAeHEAkpRLw,Finding Paradise,110000.0
UC9sKVZ0Y9blsS1OXFpJOrTA,Travelling Sticks,2670.0
UCaAZvrIgL8C0q4mWORLA6vQ,Sannin & Eric Reactions,24100.0
UCZemRLjTG7_Iz1O5mYOTv5w,Travelling Yearbook,7910.0
UCXNSrWyXThUkQT5NYa0t2vg,TheFamChannel,499.0
UCiuFR-m7cy1GW-JMMYBd1TQ,Cheryl Porter Vocal Coach,12500000.0
UCqVZm6w_65N8kEQAhpg5vwA,Cherry and Trevor,1640.0
UCLldECzrVl0YEzq4nVzlvVA,Travelling on a Shoestring,2360.0
UCG3whWNsZ0jfau5KqA3MZQA,Skint Northerners,150000.0
UCv2tnGWajxVXCFsRdyHSPow,Jennifer Estella,10300.0
UCraOIV5tXbWQtq7ORVOG4gg,Quang Tran,2750000.0
UCb9F1guxTPSBI-TIj1HtoyA,AyChristene,702000.0
UCug1b-bW8JE3jz5ZyckhnPw,ADOBO & SCHNITZEL,20100.0
UCdWNddb5oFmdC-UaG3nQdGA,MarjandFam,2280.0
UCrvUGNVWWyrQmx6SeVxJ9nQ,AnyCont,2580.0
UClC3n3LmXGfe_45Mu9R3eaw,Davlorito,2980.0
UC1WRWKFPce0M6elipGZ8eMg,Life With The Rose Fam,4250.0
UCM6tNJ3yyhIQFCH_OfCWFTQ,Travel with Simon,26500.0
UCUNC9hmB6I7MvY2w2LF5fUQ,MANILA GREY,195000.0
UCTRKbVsBIAowTvU4B4yxJTA,Andjobe,1260000.0
UCWfxD_HI8o7SmpWB758ymCw,Eat With Turner,2100.0
UC5japFGK3tTDIaVhpEbxepg,1001 Trips - #1001Trips,3730.0
UC0NLJ-e3fuuxbhssGYNoIlg,Elena For Reels,551.0
UCZS5z8C9fsQ8By-Enik7LZw,Vivre aux Philippines,2290.0
UCfow9qUPXMbZJ7iG6gfAQyA,Marcy lee,42800.0
UCQ_M-mpuRZyz0W6gJYIfdGA,Voltaire Travels,17200.0
UCOBhPv7iSNPNeyyBTkY1VtA,Sebin Kim ÏÑ∏ÎπàÌÇ¥,44400.0
UCAtoU5rzWIGE9WMj7aVdUrg,Top 10 Today,1080.0
UC41GuD_I41eEuo7KJUbnnRQ,ÌõàÌÉÄÎØº Hoontamin,313000.0
UCS4UqwbOUj7YGgCHi7Lvulw,Marrow Of Life,492.0
UCYlxLFwSj8CRAzQM4z96pSg,Erik Shoji,180000.0
UCvAnukxcU2-0ZJUzIaQTAgQ,SALT PAPI,676000.0
UCJ_7NsTniv09HWWq2Ht_PZQ,Van & Joe,8960.0
UC3_V-0b3JS1cYs07nH0uSdQ,UPBeaconVideo,385.0
UCJA0JxljAIViGmZcKf61_vw,El Mike Space,5750.0
UCkwFvFQ5eIoqsTU7ixK_fqg,Oppa OJay,2920.0
UCtA6aAfZDMu9KPFNFvYz18A,American Foreigner,1260.0
UC6S7VHnNAiUhWYETfqXbUww,WenBellelife,2970.0
UCV9l2OvfTRuRaCpewolcAww,Just be free,56400.0
UCuPeIORnvAlUqxqPNd4cu-Q,Jobstob,190.0
UCIy2G4YYM7zSEkNA3RI3-Xw,Nomad Escape,1080.0
UClLLgUzJ-blYmmxLvv-hkGw,Rebecca Vocal Athlete,1270000.0
UCRMFxneB9LL4oSkLYUq4-fA,Travel Pictorial,1590.0
UCCmOEA_pHWssQQRvLFHJh5A,PILIPINO .COM,3430.0
UCwvenK2H-fNo4uUE7SRJL9g,Glasses Kingdom,283000.0
UCKwZl6q61VdPVQOiPV6INsw,Filip Nikoloski,1440.0
UC-BKXdCFnPmTpljrxxYu7dQ,IFCGuam,21000.0
UCVSdxedjinPBsW9oMdFbNng,Baked Mhack,3360.0
UCIf4OAWnvOnJwoGrOuFu3xg,Eoin and Aisling,52700.0
UCewharJXyf740yMFg9qNcbw,3 stars and a sun,124000.0
UC6wVxQeATe3O2XaANCjWFGA,The Rage and The Worst,143000.0
UCJQGZLrvW7rFb-E2HLSlG1A,Huller Dorothy,146000.0
UCQeId4nRsnx62iXv7-6_-OQ,Explore ORZ,515.0
UCYVEmKA1m5Y6TiErpVv1RnQ,Lucky Doyun Family üá∞üá∑,226000.0
UCdCnKT0VRYYs8naihV8y1Rg,OurSignedWorld,381000.0
UCqtKusmK7Z9ea5CkqznGr9g,TripsPlus,27.0
UCcSa9BmYHenGseFdNvNYPLA,KJ Web & Media Blogs,3540.0
UChE2XVkaaQBR-ly3LaDjheA,Top 5 Scary Videos ,1140000.0
UC0kn28AeYnmyMi4iAUIrgiQ,TheJavierLifestyle,43800.0
UCi6FGUxJ0qELkA5Cpj8YpUQ,Adam & Yaz,69300.0
UCH_Vqw8RBcMhjh_nODV0TdA,maakudesuyo,3150.0
UCGqG1RI-3ktA0BkzJH5N0RA,Travelling Foodie,49900.0
UCWmjG_iL6dNUWTUtquYMLQA,Gracejon Filipina lifestyle ,254.0
UCThXENFGUMVoW5MRhURk9Hg,Camille Stenhouse,457.0
UCZONFq4yLrXpEUGZI94Tn9Q,choir panda,7950.0
UCx4Aq3NVSNa01zkWRG9MjyQ,Meghan Laurie,1970.0
UCUb_Ryp4MZHWnsTOVTA3txA,Pirate Cove Philippines,4210.0
UCbpMy0Fg74eXXkvxJrtEn3w,Bon App√©tit,7020000.0
UCeBL09KpOrsEPZhsbI7WT1Q,Luis Portelles,294000.0
UCyIDA64A8oeAnz9tMGxu2wQ,Alexander College,108000.0
UCB4xVfXAzWBDLtThrGM3Rrg,Canada International Student Magazine,3720.0
UCHzr18TqOdx4Kk7B1HmqXAQ,TRI VLOGS UNLIMITED,6300.0
UCydVvomDSz2uIMBlydkpYqA,worldofmama,159000.0
UCGlbl3vrWQ85xp49JSWgM6A,Maria Dorothy,5210.0
UChhgX4EBfO9lzybw2qvujIQ,Sj & Mel Intl. Ïª§Ìîå,383000.0
UCv40ea7sXNocRP4qF1giSHQ,Dulana Sisters,1030.0
UC0lLKwsajj4Q1EA13ogAJRA,EVN REAX,1430.0
UCTrAdQJ_Uyg5mbottTCZVPQ,Ciaran Daragh ,8430.0
UCxVMI3H_O2PW5O4qpORkZ_Q,FIRE Psy Chat,67500.0
UC1LiTfGNZiweSTu8_NFVi1g,Ï∞¨Ïö∞ÏÇ¥Ïù¥,767000.0
UCkHUvUa2tFTDefs2fzwuiRA,Backpacker Tampan,190000.0
UCmOWdRRJ-0yyxOlpQ9-Jy_A,Cindy Casimira Caroline,4530.0
UCGEuAIsJLs7hTUAZ_0JNNyA,MAVIC TV USA,2570.0
UCRBl2r79LSWOpMh-ZeHWNTg,ùêçùêéùêòùêÇùêáùêà ùêÖùêÄùêåùêàùêãùêò ùêàùêç ùêÇùêáùêàùêçùêÄ,19400.0
UCdFJ8tCnWWY8Low9bDg8eNw,SYLEWO,1000.0
UCOLpVvmfr5bWQBvhIgiPlFw,Edges Of Earth,41800.0
UCx9c2yaN404tcZx6ILLGWiw,Cowsep Mobile Legends,59500.0
UCLmhJSAYxGKLCR493TUNF1Q,Artsy Juls,554.0
UCOzLRbrX5UVsHRoMl2pNICQ,LEBIB FAMILY,45900.0
UCVKbyRqjqC6w3Ah4oWzPucQ,Mrs. Dayanara,5950.0
UCZSDpqvIlkiwZNqMgiMazdQ,Eat Drink Kwento by 7000 Islands¬Æ,40.0
UCwIr2JfmmbbiQJWGOsJR7Wg,Geechee Lion's Journey YT Channel,1140.0
UCf0MMnw0Qj-dxahBbmwLkHQ,Kevin meets Chanel,18500.0
UCmgOl8oU6fUxn59NaL0u01w,Onn Rathy,476000.0
UCnPg1XCi1ZY7TbL3Yru__FQ,Squared,940000.0
UCWMl6Xw3M37ti_C964vmYvg,Delish,1260000.0
UCLt0VD58m_3DpKVrrfkGAcA,Doug Barnard,636000.0
UCAzXqFoW1Y7KDqwZ1x5m9EA,Fight Commentary Breakdowns,228000.0
UCprn4bngJwsHKitrtVDTK5Q,Pierre Lendo,335.0
UCikKSFqLjGXmw6Ky2GpuQhQ,The Kit Chronicles,1140.0
UC7LmUSpRuUGzlA0Ye3s9sYQ,Chazeen,5840.0
UCqie0bD3ltJm2qGDbiKjm-Q,Our Half Asian Adventure,96900.0
UCK3ifkouRrKpmS1yiXSLhsQ,TOP 100 Travel,691.0
UCu_qyK-ytRUct82zucRBpwQ,Vin's Korean class,7280.0
UC22s8H_E-F6-KfCGWVyYDQQ,Brazilian and Filipino couple - Van e Rico ,44500.0
UCQQ8I5Qrm-hvV0tt8szsfyg,GD   is --FOOTLOOSE !,1530.0
UCaFhs6xTFwNK8J8XGM6yRiQ,Ammar,104000.0
UCAk9RQwVhfirnwxn_hKVBAA,A British Expat In The Philippines,9200.0
UC_w4jVsJPq4RdNnqOnQjaSA,Shaine Hong,46100.0
UCiSdshZ1CEC4C1VE4K1Lbhw,J.E.I. (jayson's escapade ideas),11400.0
UCmBZnXBBEgSOgPIV_f0G05g,Locke Family TV,1490.0
UCRJsTt5C_CCKtst-pqMzYVA,Chad Foster Explores,86800.0
UC-TF1J18w4xVhdUrd-604KQ,Globetrotting Schoolers,1170.0
UC2kvZvwj0eVT09ijlcbwUyQ,Gio,35100.0
UCF1cU5gh5eVKZg4rcNoO64Q,Ìï´Î∞îÏôÄ Ïø†ÌÇ§(HotBa),7750.0
UCvP8p-ZA6cBWw4pT4IVUK3A,sat YOUR day Vlogs in Oz,3700.0
UC9uSazh46l6kAkTADDEjKBA,Aileen‚Äôs JOURNAL,2640.0
UCBEzIEPpJnkdiB3yZ8V3JRg,2 French in Manila,39800.0
UCzQp8phxcJxPneOPRh7VpGw,KAPILYAN TV,3270.0
UCBg3YEt99SLKKj26_pF29ew,THE KPOPSIS,94500.0
UCa__kMdkhFJvXcx1WALJ3hg,Martin Solhaugen,196000.0
UCTiiATtoPg3WeBs9uFb6DoQ,EL Akira,4420.0
UCVeI0cfcnZoIskW-cEyufMg,Maman Sudirman,4460.0
UCmLQqA5g62GIfQa9oME05wQ,Origins Explained,3870000.0
UCdPMSeAq-wRA3aINYBiO77g,It's Time To Relax,3160.0
UCanKoEK_ypqAsjo9r3H6VhA,Miopogon,1020.0
UC0EQSC9tQA40qM-x9bRj67A,Team CorGi,1660.0
UC1SdRkIBGIUYfyDnnEL8J7g,Kin√©aste | Sport & Performance,8360.0
UC-lJp32tY1Yft-lQFBbIltQ,Goldilocks USA Official,1190.0
UCPW4cwN1hlbzPjNLf2dEjPQ,Edgar S (Gary),328.0
UCFr0o7rHZ0oToelztCUkJZQ,THE KITO FAMILY,555000.0
UC1p52v_lxWvchKZn-ToX86g,Glenn Javier,312.0
UCerpBymeYRegYP3LSuhesGw,Ali and Lyn Diaries,44000.0
UCQbOiQeIttbMhL2_PkA09_Q,Ponte Travels,120000.0
UCGXsS5BC_0EB7Qjx_jsEyWQ,Filipino British Couple,28900.0
UCIKW6h0Ea7kSTyBgHxfBXkQ,Welcome Abroad,3570.0
UCgWIx5mUx0gMNgrnEoFpzNQ,Pinay Married to Taiwanese,1890.0
UCo2v8V-zLSiYZ908UyVSLBA,Frakking Creations,24000.0
UCJw43wYwH04f7Y2Z-OulIrg,–ù–∞–≤—Å—Ç—Ä–µ—á—É –°–æ–ª–Ω—Ü—É,27000.0
UC6FiTw12ADzV65hvyRYntsw,morita koki,960.0
UCgV_i-XHrdvcOOeb613cXcw,Fabian J,45700.0
UCgSzb_oBUzvdJhCwiepju-Q,Cleta D,1970.0
UC_vFLohxs5PkAxlk7Y6jEtw,ABC 7 Chicago,1140000.0
UCNgtF8NaZ0laTkpymKd5cCA,VST Edits 369,3550.0
UCI5uXzQE77KZ8FLjy76U7Lw,Pinkmud,1260.0
UCVJkBqXcJjERTM3-pcv7SYA,Dr Anuj Gaba - FMGE ,1380.0
UCVULbH8Ox7HsMpotD0cAo2g,socialprotection.org,3270.0
UCR7wOXiCqQqeZkOjZrcFAuQ,Orphan's Promise,14200.0
